,GER_n,GER_r,GER_CI95%,GER_p-val,UK_n,UK_r,UK_CI95%,UK_p-val,USA_n,USA_r,USA_CI95%,USA_p-val,avg_r
WorkExp,905,0.5142562989575209,[0.46 0.56],3.0502571351463223e-62,671,0.41220251312300715,[0.35 0.47],6.577506033632852e-29,2291,0.38211776733651504,[0.35 0.42],1.5281369319436146e-80,0.4361921931390144
EdLevelNumeric,1180,0.35129001411787103,[0.3 0.4],1.3388531562093227e-35,913,0.1720376677110181,[0.11 0.23],1.693338957187061e-07,3097,0.13631548429865653,[0.1  0.17],2.5648980330906053e-14,0.21988105537584857
PlatformHaveWorkedWith_Amazon Web Services (AWS),1202,0.20122125631833038,[0.15 0.25],1.90595664457342e-12,921,0.18609123332918506,[0.12 0.25],1.2734272353777037e-08,3102,0.19469039167433855,[0.16 0.23],7.106994882258794e-28,0.194000960440618
ToolsTechHaveWorkedWith_Terraform,1202,0.1981644182505619,[0.14 0.25],4.148095778633878e-12,921,0.16731949781411457,[0.1  0.23],3.273899501783134e-07,3102,0.1830671946843918,[0.15 0.22],8.77153420214692e-25,0.18285037024968942
ToolsTechHaveWorkedWith_Kubernetes,1202,0.15769597091049753,[0.1  0.21],3.884294915616367e-08,921,0.21906124890413436,[0.16 0.28],1.8068770340837835e-11,3102,0.15702300768056485,[0.12 0.19],1.4104233316096654e-18,0.1779267424983989
MiscTechHaveWorkedWith_Apache Kafka,1202,0.12513260638838317,[0.07 0.18],1.3556182659167241e-05,921,0.1633414248634504,[0.1  0.23],6.232854396955458e-07,3102,0.14930393297341624,[0.11 0.18],6.319142596524063e-17,0.14592598807508328
ToolsTechHaveWorkedWith_Homebrew,1202,0.09585893293076805,[0.04 0.15],0.0008758982020665945,921,0.1229098688968463,[0.06 0.19],0.00018461664085179253,3102,0.17061343004645463,[0.14 0.2 ],1.0812772720788922e-21,0.1297940772913563
PlatformWantToWorkWith_Amazon Web Services (AWS),1202,0.15486269375208334,[0.1  0.21],6.811720673046102e-08,921,0.12211230216964875,[0.06 0.19],0.00020341346631260309,3102,0.10196605863984178,[0.07 0.14],1.2584586278401995e-08,0.12631368485385794
MiscTechWantToWorkWith_Apache Kafka,1202,0.12625093299663442,[0.07 0.18],1.1328463446729055e-05,921,0.12814444632148378,[0.06 0.19],9.629918752945421e-05,3102,0.09875175766502778,[0.06 0.13],3.5619912836840794e-08,0.11771571232771533
PlatformHaveWorkedWith_Google Cloud,1202,0.09958011971245098,[0.04 0.16],0.000545344540341801,921,0.15598945675193093,[0.09 0.22],1.9680021567927337e-06,3102,0.09084329539118886,[0.06 0.13],4.0198730049179216e-07,0.11547095728519026
ToolsTechHaveWorkedWith_Docker,1202,0.07361925564741775,[0.02 0.13],0.010674439785873216,921,0.15158603096461631,[0.09 0.21],3.822452534000928e-06,3102,0.11881496735357622,[0.08 0.15],3.172567671618302e-11,0.11467341798853677
LanguageHaveWorkedWith_Scala,1202,0.10954764710606925,[0.05 0.17],0.00014151258098696266,921,0.09439554587059462,[0.03 0.16],0.004140842983405254,3102,0.0960718628278892,[0.06 0.13],8.274983081187887e-08,0.10000501860151768
LanguageHaveWorkedWith_Go,1202,0.07069069305245682,[0.01 0.13],0.014231972084777184,921,0.10012145508094449,[0.04 0.16],0.002350085952072211,3102,0.12516399475885723,[0.09 0.16],2.6374879466583805e-12,0.09865871429741951
ToolsTechHaveWorkedWith_Make,1202,0.05557695717960337,[-0.    0.11],0.054063159572476795,921,0.13313484165749842,[0.07 0.2 ],5.057765208645453e-05,3102,0.10512390704625507,[0.07 0.14],4.388370796215378e-09,0.09794523529445227
ToolsTechWantToWorkWith_Terraform,1202,0.1243468233358113,[0.07 0.18],1.5364809612134015e-05,921,0.07810386421878232,[0.01 0.14],0.01775453860731169,3102,0.08724087268644476,[0.05 0.12],1.1373297020987554e-06,0.09656385341367946
MiscTechHaveWorkedWith_Apache Spark,1202,0.09399329474970414,[0.04 0.15],0.0011040685481867266,921,0.09092658915378841,[0.03 0.15],0.005755186434102356,3102,0.08617800518804795,[0.05 0.12],1.5340709020098207e-06,0.09036596303051352
ToolsTechWantToWorkWith_Homebrew,1202,0.07589178121312888,[0.02 0.13],0.0084829529918144,921,0.08152501404872675,[0.02 0.15],0.013328087150263965,3102,0.10734303292870742,[0.07 0.14],2.054366924981448e-09,0.08825327606352101
ToolsTechWantToWorkWith_Pulumi,1202,0.11153793923569881,[0.06 0.17],0.00010658979141709136,921,0.09384834990646049,[0.03 0.16],0.0043645967824755836,3102,0.05211083277348675,[0.02 0.09],0.003694332811750578,0.08583237397188202
LanguageHaveWorkedWith_Groovy,1202,0.07960139844795723,[0.02 0.14],0.005757503356236683,921,0.1285581784798336,[0.06 0.19],9.137268938020462e-05,3102,0.04741535439236055,[0.01 0.08],0.00826012673383924,0.0851916437733838
PlatformWantToWorkWith_Google Cloud,1202,0.09350151577587475,[0.04 0.15],0.0011727554495845136,921,0.08926746005497363,[0.02 0.15],0.006711671831921139,3102,0.06729875913734165,[0.03 0.1 ],0.0001761397849241735,0.08335591165606333
LanguageHaveWorkedWith_Ruby,1202,0.09329410445604683,[0.04 0.15],0.0012028900027953482,921,0.03328314359355244,[-0.03  0.1 ],0.3129822936573987,3102,0.11603982062798444,[0.08 0.15],9.038822354003497e-11,0.08087235622586124
EmbeddedHaveWorkedWith_LLVM's Clang,1202,0.11420468629257258,[0.06 0.17],7.237739630151827e-05,921,0.06600541563000917,[0.   0.13],0.04522078523357696,3102,0.05976182073876663,[0.02 0.09],0.0008681306546219467,0.07999064088711612
LanguageHaveWorkedWith_Elixir,1202,0.0986887255727635,[0.04 0.15],0.000611790622542918,921,0.03803806293855597,[-0.03  0.1 ],0.24881678056986728,3102,0.09454122429804541,[0.06 0.13],1.325919638424983e-07,0.07708933760312163
ToolsTechHaveWorkedWith_Dagger,1202,0.07236614832267081,[0.02 0.13],0.012086607669842495,921,0.0706618666672002,[0.01 0.13],0.032015787084973796,3102,0.08329004794075152,[0.05 0.12],3.3992454701439524e-06,0.07543935431020751
WebframeHaveWorkedWith_Ruby on Rails,1202,0.07414225093860628,[0.02 0.13],0.010129774919180014,921,0.04530492952691895,[-0.02  0.11],0.16951888741270102,3102,0.0953169780879686,[0.06 0.13],1.0450565676491634e-07,0.07158805285116461
LanguageWantToWorkWith_Clojure,1202,0.04249075411414984,[-0.01  0.1 ],0.14094495381562752,921,0.1231270733051069,[0.06 0.19],0.0001797874793855032,3102,0.04534820978160914,[0.01 0.08],0.011537693278160021,0.07032201240028862
ToolsTechHaveWorkedWith_Gradle,1202,0.0486409196885367,[-0.01  0.1 ],0.09186946532082467,921,0.09239502512604737,[0.03 0.16],0.005012971390354879,3102,0.06317661431965417,[0.03 0.1 ],0.00043031410873433355,0.06807085304474608
EmbeddedWantToWorkWith_LLVM's Clang,1202,0.07969492936782445,[0.02 0.14],0.005700376451366355,921,0.04564631723357741,[-0.02  0.11],0.166323614270512,3102,0.07784215032126174,[0.04 0.11],1.4228525175818611e-05,0.06772779897422121
ToolsTechHaveWorkedWith_Pulumi,1202,0.05799223052597961,[0.   0.11],0.044411802336690134,921,0.10589025668669601,[0.04 0.17],0.0012897841000984733,3102,0.03872801824030931,[0.   0.07],0.031011893937427492,0.06753683515099497
LanguageWantToWorkWith_Elixir,1202,0.06884862554785562,[0.01 0.12],0.01697158659859819,921,0.05873840313245166,[-0.01  0.12],0.0747965989403019,3102,0.07328921660095146,[0.04 0.11],4.393712051013799e-05,0.06695874842708625
ToolsTechWantToWorkWith_Dagger,1202,0.06402648584254897,[0.01 0.12],0.02643517861065563,921,0.05911123015565854,[-0.01  0.12],0.07296679835723276,3102,0.07686763547205477,[0.04 0.11],1.8207814958224267e-05,0.06666845049008742
ToolsTechHaveWorkedWith_Google Test,1202,0.11146043891258106,[0.06 0.17],0.00010778203725448177,921,0.06984738962586427,[0.01 0.13],0.03405351046280491,3102,0.018368259915940238,[-0.02  0.05],0.30644723723879935,0.06655869615146186
LanguageHaveWorkedWith_Kotlin,1202,0.0312272292073359,[-0.03  0.09],0.27934966125298166,921,0.09651182687257667,[0.03 0.16],0.003369952006615318,3102,0.07128152829030564,[0.04 0.11],7.081745368867185e-05,0.06634019479007273
LanguageWantToWorkWith_Erlang,1202,0.054348473305107226,[-0.    0.11],0.05960740157569454,921,0.07664775172776545,[0.01 0.14],0.01999889887817742,3102,0.0657751925113328,[0.03 0.1 ],0.0002464870700047881,0.06559047251473515
MiscTechWantToWorkWith_Apache Spark,1202,0.07954898676688282,[0.02 0.14],0.005789740348409002,921,0.06782767384005318,[0.   0.13],0.03958937199219633,3102,0.04760439403293598,[0.01 0.08],0.008006629021149696,0.06499368487995733
MiscTechHaveWorkedWith_Hadoop,1202,0.04759895496506358,[-0.01  0.1 ],0.09905186450012399,921,0.0975436129243329,[0.03 0.16],0.0030435914483287565,3102,0.04863436105530046,[0.01 0.08],0.0067439277254473734,0.06459230964823232
PlatformHaveWorkedWith_Fly.io,1202,0.07447308641634089,[0.02 0.13],0.009798128382372021,921,0.046614071103533834,[-0.02  0.11],0.15751164387780683,3102,0.06647608192912186,[0.03 0.1 ],0.00021136427912563858,0.06252107981633219
ToolsTechWantToWorkWith_Kubernetes,1202,0.08571455151398662,[0.03 0.14],0.0029385367392996456,921,0.04075002579086112,[-0.02  0.11],0.2166389896871857,3102,0.05850920932824236,[0.02 0.09],0.0011133947142977164,0.0616579288776967
EmbeddedHaveWorkedWith_Catch2,1202,0.026045388133530172,[-0.03  0.08],0.3669486110924536,921,0.12743508842081863,[0.06 0.19],0.00010533322910585099,3102,0.019480953283998678,[-0.02  0.05],0.2780682692299605,0.057653809946115825
LanguageWantToWorkWith_Scala,1202,0.05567749616261172,[-0.    0.11],0.05362910367849019,921,0.06345308841356889,[-0.    0.13],0.054229597798004216,3102,0.050645761833266426,[0.02 0.09],0.004781157336250096,0.056592115469815685
LanguageHaveWorkedWith_Bash/Shell (all shells),1202,0.029270128621837387,[-0.03  0.09],0.31060516800446386,921,0.06297665540852194,[-0.    0.13],0.05606687200655014,3102,0.07513530154074011,[0.04 0.11],2.802591426861011e-05,0.05579402852369982
MiscTechHaveWorkedWith_RabbitMQ,1202,0.06143868520151285,[0.   0.12],0.03318256197949986,921,0.05121305819763874,[-0.01  0.12],0.12039411626149171,3102,0.05386206931772667,[0.02 0.09],0.0026922748471894108,0.05550460423895942
LanguageHaveWorkedWith_Clojure,1202,0.012798814085123122,[-0.04  0.07],0.6575561879320243,921,0.07929066007257175,[0.01 0.14],0.016091490032907926,3102,0.07383278069513086,[0.04 0.11],3.852997840177034e-05,0.055307418284275246
ToolsTechHaveWorkedWith_Ninja,1202,0.07683877480674904,[0.02 0.13],0.007695176105760003,921,0.08227332316903317,[0.02 0.15],0.012501115620003717,3102,0.0051062262288837906,[-0.03  0.04],0.7761946082493074,0.05473944140155534
WebframeHaveWorkedWith_Play Framework,1202,0.05193594708446696,[-0.    0.11],0.07186789889430398,921,0.04899341096467191,[-0.02  0.11],0.1373520945642753,3102,0.06213173151443203,[0.03 0.1 ],0.00053535131823374,0.0543536965211903
EmbeddedWantToWorkWith_Catch2,1202,0.03678993490446639,[-0.02  0.09],0.20244846939149233,921,0.1167059049105901,[0.05 0.18],0.0003865309972276741,3102,0.008449098674480378,[-0.03  0.04],0.6380718611348497,0.05398164616317896
PlatformWantToWorkWith_OpenShift,1202,0.09255289120487176,[0.04 0.15],0.0013165142105744248,921,0.059107581067290534,[-0.01  0.12],0.07298452890095561,3102,0.009370346426628071,[-0.03  0.04],0.6018874497095617,0.05367693956626345
PlatformWantToWorkWith_Fly.io,1202,0.07752968199657946,[0.02 0.13],0.007162435549765417,921,0.009524115300747845,[-0.06  0.07],0.7728479342989216,3102,0.07304491258463912,[0.04 0.11],4.6594974076866816e-05,0.05336623662732214
WebframeHaveWorkedWith_Fastify,1202,0.03418580625999446,[-0.02  0.09],0.23628224310200074,921,0.07270942055659158,[0.01 0.14],0.027348414415049017,3102,0.05312189197676337,[0.02 0.09],0.0030808575323335776,0.05333903959778313
WebframeHaveWorkedWith_Phoenix,1202,0.0892660633926947,[0.03 0.15],0.0019495704012904267,921,-0.00606712042736903,[-0.07  0.06],0.8541103419517699,3102,0.07664664547636252,[0.04 0.11],1.924734083111283e-05,0.05328186281389607
LanguageHaveWorkedWith_Erlang,1202,0.038967039536365856,[-0.02  0.1 ],0.17698730107535487,921,0.060351986148874485,[-0.    0.12],0.06713897514436754,3102,0.06037194884171327,[0.03 0.1 ],0.0007677547838622597,0.05323032484231787
WebframeWantToWorkWith_Phoenix,1202,0.08905688024019356,[0.03 0.14],0.001998058956741462,921,-8.327176957161273e-05,[-0.06  0.06],0.9979863823583649,3102,0.06738365229040878,[0.03 0.1 ],0.00017283730847994432,0.05211908692034358
LanguageHaveWorkedWith_OCaml,1202,0.06435595977526595,[0.01 0.12],0.025667576890319874,921,0.07960465079340286,[0.02 0.14],0.0156750387759484,3102,0.009434995342974834,[-0.03  0.04],0.5993832508038345,0.05113186863721455
WebframeHaveWorkedWith_FastAPI,1202,0.023517119811038625,[-0.03  0.08],0.41530137898696184,921,0.08473949651168451,[0.02 0.15],0.010087685660006148,3102,0.04288485468291638,[0.01 0.08],0.016911141643558246,0.05038049033521317
EmbeddedHaveWorkedWith_Ninja,1202,0.07038911240890236,[0.01 0.13],0.014651910447384451,921,0.07445979535318137,[0.01 0.14],0.023835328111706678,3102,0.005381109998721059,[-0.03  0.04],0.76449332081492,0.050076672586934934
ToolsTechHaveWorkedWith_Yarn,1202,0.01389322274708239,[-0.04  0.07],0.6303755535758231,921,0.06455565813952362,[-0.    0.13],0.050169440576940935,3102,0.06966988120828463,[0.03 0.1 ],0.00010297993109014755,0.04937292069829688
LanguageHaveWorkedWith_Rust,1202,0.003194525655681726,[-0.05  0.06],0.9119027426945912,921,0.050374481285478494,[-0.01  0.11],0.12659756674797207,3102,0.09001461282165334,[0.05 0.12],5.124446190005129e-07,0.04786120658760452
ToolsTechWantToWorkWith_Gradle,1202,0.03923424142300717,[-0.02  0.1 ],0.17403435612231846,921,0.05729564720769744,[-0.01  0.12],0.0822330873101634,3102,0.04697749444813053,[0.01 0.08],0.008875053064257135,0.047835794359611716
EmbeddedHaveWorkedWith_cppunit,1202,0.042566732177543996,[-0.01  0.1 ],0.1402350744370612,921,0.06750511228132676,[0.   0.13],0.040540561139245146,3102,0.033095451092040644,[-0.    0.07],0.06532419507925531,0.0477224318503038
ToolsTechHaveWorkedWith_Ansible,1202,0.04456926854314584,[-0.01  0.1 ],0.12249858440390812,921,0.04767249332065559,[-0.02  0.11],0.14828349711875838,3102,0.045673529370060674,[0.01 0.08],0.010955436122270382,0.045971763744620704
ToolsTechWantToWorkWith_Podman,1202,0.04541014174734695,[-0.01  0.1 ],0.11559441140044716,921,0.05527426851609835,[-0.01  0.12],0.09364692140049888,3102,0.0365837062865413,[0.   0.07],0.041608743455784,0.04575603884999554
LanguageHaveWorkedWith_Perl,1202,0.09421618313879511,[0.04 0.15],0.0010741780315247664,921,0.04108143248846727,[-0.02  0.11],0.21292184313851614,3102,0.0017434453237632995,[-0.03  0.04],0.9226762262582828,0.0456803536503419
MiscTechWantToWorkWith_Quarkus,1202,0.06304106006366342,[0.01 0.12],0.028850334221817837,921,0.060197914703563726,[-0.    0.12],0.06784116409451524,3102,0.011555401088489852,[-0.02  0.05],0.5199989018830915,0.04493145861857233
ToolsTechWantToWorkWith_Make,1202,0.012758277125102843,[-0.04  0.07],0.6585719895841353,921,0.05113937382397853,[-0.01  0.12],0.12092949887924127,3102,0.06786302535089483,[0.03 0.1 ],0.0001552551010528124,0.043920225433325404
EmbeddedHaveWorkedWith_CMake,1202,0.0650071927267057,[0.01 0.12],0.02420684236042039,921,0.06219881334891348,[-0.    0.13],0.05917752847241904,3102,0.004187785096127632,[-0.03  0.04],0.8156463080587546,0.043797930390582274
ToolsTechHaveWorkedWith_Chef,1202,0.004678828351288195,[-0.05  0.06],0.8712692420299836,921,0.07337965857683044,[0.01 0.14],0.02595376049916877,3102,0.04584580535268579,[0.01 0.08],0.010657791342446392,0.04130143076026815
MiscTechHaveWorkedWith_CUDA,1202,0.013245242690891931,[-0.04  0.07],0.6464113988985323,921,0.07265543676393248,[0.01 0.14],0.027463503836668623,3102,0.037506426324036085,[0.   0.07],0.03672249161138308,0.04113570192628683
EmbeddedHaveWorkedWith_Boost.Test,1202,0.02246091793486052,[-0.03  0.08],0.4365660149380617,921,0.12452264741397073,[0.06 0.19],0.00015147804562537842,3102,-0.024608853494105486,[-0.06  0.01],0.17060576074102152,0.04079157061824192
MiscTechHaveWorkedWith_Spring Framework,1202,0.030632777567878366,[-0.03  0.09],0.2886087783979367,921,0.04068211757294855,[-0.02  0.11],0.21740638760857345,3102,0.049751535790077926,[0.01 0.08],0.005579160733057773,0.04035547697696828
MiscTechHaveWorkedWith_Ruff,1202,0.044407438467896174,[-0.01  0.1 ],0.12386352156773696,921,0.053477505229666135,[-0.01  0.12],0.1048266970171157,3102,0.022432568991833383,[-0.01  0.06],0.21164714333685228,0.0401058375631319
PlatformHaveWorkedWith_Colocation,1202,0.06812009365508177,[0.01 0.12],0.018176557047121865,921,0.039693618304318695,[-0.02  0.1 ],0.22879853673818054,3102,0.01153880643691131,[-0.02  0.05],0.5205984861357098,0.03978417279877059
ToolsTechHaveWorkedWith_Puppet,1202,0.050994078845932,[-0.01  0.11],0.0771832589839531,921,0.05167470401416075,[-0.01  0.12],0.11708189934293851,3102,0.012971766444794763,[-0.02  0.05],0.47016566500925294,0.03854684976829584
ToolsTechWantToWorkWith_Google Test,1202,0.07687424858037403,[0.02 0.13],0.0076669825270317925,921,0.012242328375320442,[-0.05  0.08],0.7106082605776511,3102,0.02540256776611796,[-0.01  0.06],0.15722415691117098,0.03817304824060414
ToolsTechHaveWorkedWith_Podman,1202,0.0513838957909512,[-0.01  0.11],0.07494577976744193,921,0.020093109193629565,[-0.04  0.08],0.5425120671587166,3102,0.040996719609518076,[0.01 0.08],0.02240819423480714,0.03749124153136628
PlatformHaveWorkedWith_Databricks,1202,0.019109200584259006,[-0.04  0.08],0.5080451397268825,921,0.05502551618241658,[-0.01  0.12],0.0951352127636484,3102,0.03713536405128579,[0.   0.07],0.03862534203918657,0.03709002693932046
MiscTechWantToWorkWith_Ruff,1202,0.03443190468538813,[-0.02  0.09],0.23292365892280165,921,0.05743725182268927,[-0.01  0.12],0.0814776855633992,3102,0.017493307367061093,[-0.02  0.05],0.3300654213196087,0.03645415462504616
PlatformWantToWorkWith_Databricks,1202,0.027504255231951297,[-0.03  0.08],0.3407131478144657,921,0.04944737128161005,[-0.02  0.11],0.13374207739854188,3102,0.028888272508504977,[-0.01  0.06],0.10769575184760519,0.03527996634068878
LanguageHaveWorkedWith_Lisp,1202,0.06460171469311732,[0.01 0.12],0.025107631312351168,921,0.01511531507214013,[-0.05  0.08],0.6468644307033447,3102,0.023410933971024547,[-0.01  0.06],0.19239075398473693,0.034375987912094
MiscTechHaveWorkedWith_mlflow,1202,0.030168962886537355,[-0.03  0.09],0.2959750387324903,921,0.04828254196339618,[-0.02  0.11],0.1431552303815203,3102,0.02062026541253571,[-0.01  0.06],0.2509201568658758,0.03302392342082308
ToolsTechWantToWorkWith_Docker,1202,0.004850547506397398,[-0.05  0.06],0.8665880932697252,921,0.059145637308585075,[-0.01  0.12],0.07279979050733013,3102,0.032336913058573696,[-0.    0.07],0.07173932186662069,0.032111032624518726
PlatformWantToWorkWith_OpenStack,1202,0.06812934864248806,[0.01 0.12],0.018160792164076334,921,0.0034050984503172822,[-0.06  0.07],0.9178059660333171,3102,0.023170837369374617,[-0.01  0.06],0.19699275404319216,0.03156842815405998
ToolsTechWantToWorkWith_Ninja,1202,0.04826197349822884,[-0.01  0.1 ],0.09443164804626919,921,0.05756335639658452,[-0.01  0.12],0.08080971161041937,3102,-0.011915839573056513,[-0.05  0.02],0.5070642135780319,0.03130316344058562
ToolsTechWantToWorkWith_Maven (build tool),1202,0.02436189631107341,[-0.03  0.08],0.3987418945494986,921,0.04035483885867104,[-0.02  0.1 ],0.2211321779128411,3102,0.028055605723618884,[-0.01  0.06],0.11822874168375415,0.030924113631121113
MiscTechWantToWorkWith_Spring Framework,1202,0.03660176471728051,[-0.02  0.09],0.20476827437187964,921,0.025531080669922237,[-0.04  0.09],0.43899545024143183,3102,0.029678129924121138,[-0.01  0.06],0.09840433569523648,0.030603658437107963
MiscTechHaveWorkedWith_JAX,1202,0.02405465464628585,[-0.03  0.08],0.4047180379428278,921,0.04919772409549361,[-0.02  0.11],0.13571816283522184,3102,0.01646917129239459,[-0.02  0.05],0.3591673280321621,0.029907183344724683
WebframeHaveWorkedWith_Spring Boot,1202,0.037212271611223834,[-0.02  0.09],0.19731156705081487,921,0.02945007192992773,[-0.04  0.09],0.37200172320255165,3102,0.021288165675286706,[-0.01  0.06],0.235893465467414,0.029316836405479423
PlatformHaveWorkedWith_OpenShift,1202,0.07722153041889004,[0.02 0.13],0.007395817905268852,921,0.020487636559244335,[-0.04  0.08],0.5346133036626564,3102,-0.010442148713120604,[-0.05  0.02],0.5609956948892536,0.029089006088337924
PlatformWantToWorkWith_Colocation,1202,0.06016393592754754,[0.   0.12],0.03701531014240187,921,0.02623878700626059,[-0.04  0.09],0.42641008571857386,3102,-0.0011791327755939318,[-0.04  0.03],0.9476596151781038,0.028407863386071402
EmbeddedWantToWorkWith_Ninja,1202,0.05735033336721993,[0.   0.11],0.04682316673412476,921,0.05054409858264036,[-0.01  0.11],0.12532316520018089,3102,-0.02274317835393985,[-0.06  0.01],0.20538843033252,0.028383751198640148
LanguageWantToWorkWith_Groovy,1202,0.04158324705120965,[-0.01  0.1 ],0.14963863030936136,921,0.028222035144270845,[-0.04  0.09],0.3922804644905784,3102,0.015188579946357248,[-0.02  0.05],0.39775085788473086,0.02833128738061258
ToolsTechWantToWorkWith_Puppet,1202,0.051025712963105214,[-0.01  0.11],0.07699968090416853,921,0.039288218554245434,[-0.03  0.1 ],0.23359125073796108,3102,-0.00571457599726574,[-0.04  0.03],0.750370349929675,0.028199785173361636
MiscTechWantToWorkWith_Hadoop,1202,0.06492320852589126,[0.01 0.12],0.024391084908887025,921,0.03587811050090405,[-0.03  0.1 ],0.27672768391696445,3102,-0.01751997245379301,[-0.05  0.02],0.32932867198120774,0.02776044885766743
LanguageHaveWorkedWith_Fortran,1202,0.04331410700701522,[-0.01  0.1 ],0.133397858314324,921,0.0176354941692583,[-0.05  0.08],0.5929843175858835,3102,0.020254254017206756,[-0.01  0.06],0.25943232799276,0.027067951731160094
LanguageWantToWorkWith_OCaml,1202,0.026550185317751746,[-0.03  0.08],0.3577316802168018,921,0.04391145013495219,[-0.02  0.11],0.18303889901587375,3102,0.010509808287866542,[-0.02  0.05],0.5584600859293385,0.026990481246856827
MiscTechHaveWorkedWith_Quarkus,1202,0.03522461489007028,[-0.02  0.09],0.22233564352310353,921,0.03123060920977397,[-0.03  0.1 ],0.34377651345843363,3102,0.01432163686652967,[-0.02  0.05],0.4252352593004649,0.02692562032212464
LanguageWantToWorkWith_Rust,1202,0.004113685799254292,[-0.05  0.06],0.8867062671402755,921,0.018106122948516257,[-0.05  0.08],0.5831543520629994,3102,0.056342404755672586,[0.02 0.09],0.001693790826945973,0.026187404501147715
WebframeHaveWorkedWith_Remix,1202,0.03734698982914047,[-0.02  0.09],0.19569320004573182,921,0.035195999634666915,[-0.03  0.1 ],0.2859684236028117,3102,0.004593448301069641,[-0.03  0.04],0.7981569330170287,0.025712145921625674
WebframeWantToWorkWith_Remix,1202,0.005581410219195333,[-0.05  0.06],0.846718582895426,921,0.07451633779951172,[0.01 0.14],0.023728682259182586,3102,-0.00398964801048094,[-0.04  0.03],0.824222671414776,0.025369366669408703
WebframeWantToWorkWith_Fastify,1202,0.03571353551347872,[-0.02  0.09],0.21597938376016748,921,0.03922877076964811,[-0.03  0.1 ],0.23429998403486618,3102,0.0010841363202994325,[-0.03  0.04],0.9518710617428585,0.02534214753447542
WebframeHaveWorkedWith_React,1202,-0.004858458182935296,[-0.06  0.05],0.866372555595295,921,0.060338854890600264,[-0.    0.12],0.06719858780450941,3102,0.020321736272278235,[-0.01  0.06],0.2578480760252665,0.025267377659981067
LanguageHaveWorkedWith_TypeScript,1202,-0.044557397240796846,[-0.1   0.01],0.12259831090468422,921,0.08720358470578933,[0.02 0.15],0.008099242999370844,3102,0.033052970471224206,[-0.    0.07],0.06567051791385367,0.025233052645405565
WebframeHaveWorkedWith_Gatsby,1202,0.038117793257727135,[-0.02  0.09],0.18662010157878398,921,0.020165543344795582,[-0.04  0.08],0.5410575339978339,3102,0.014861559322151118,[-0.02  0.05],0.4079902275971,0.024381631974891276
LanguageWantToWorkWith_Go,1202,0.01647259241996789,[-0.04  0.07],0.5683066308834475,921,0.035850712190092934,[-0.03  0.1 ],0.2770948936099356,3102,0.020020319153488786,[-0.02  0.06],0.2649764212323588,0.024114541254516536
PlatformHaveWorkedWith_OpenStack,1202,0.09945312087543598,[0.04 0.16],0.0005543824147116368,921,-0.05169930490640325,[-0.12  0.01],0.11690741774719686,3102,0.023399535369406217,[-0.01  0.06],0.19260743253641785,0.02371778377947965
EmbeddedHaveWorkedWith_build2,1202,0.03225729205544097,[-0.02  0.09],0.26378769103095195,921,,,,3102,0.013773958015220283,[-0.02  0.05],0.4431552100533489,0.023015625035330625
EmbeddedWantToWorkWith_Meson,1202,0.06314568522015407,[0.01 0.12],0.028585214176767192,921,0.038360370311051044,[-0.03  0.1 ],0.2448267108563387,3102,-0.033010940436745205,[-0.07  0.  ],0.06601465478686995,0.022831705031486637
MiscTechHaveWorkedWith_GTK,1202,0.0499183153252194,[-0.01  0.11],0.08364108644752567,921,0.013932460697387876,[-0.05  0.08],0.6728291662355823,3102,0.004188872789537564,[-0.03  0.04],0.8155992871173882,0.022679882937381612
ToolsTechWantToWorkWith_Chef,1202,0.04900263074861438,[-0.01  0.11],0.08947614616542002,921,0.034289322854434943,[-0.03  0.1 ],0.2985703020928083,3102,-0.015909880942797605,[-0.05  0.02],0.3757202935821511,0.02246069088675057
LanguageWantToWorkWith_F#,1202,0.03522597871465989,[-0.02  0.09],0.22231772888624374,921,0.0065003397872669755,[-0.06  0.07],0.8438225562610764,3102,0.025609940570683793,[-0.01  0.06],0.1538625607962902,0.02244541969087022
PlatformHaveWorkedWith_IBM Cloud Or Watson,1202,-0.011522689912874523,[-0.07  0.05],0.6898285212009168,921,0.05575742238830374,[-0.01  0.12],0.09080950850582674,3102,0.022148487209311986,[-0.01  0.06],0.21749093562858662,0.022127739894913734
ToolsTechHaveWorkedWith_Maven (build tool),1202,0.0107450733752906,[-0.05  0.07],0.7097785907666071,921,0.025386427539134535,[-0.04  0.09],0.4415938361928371,3102,0.03018330541587592,[-0.01  0.07],0.09280512537008412,0.022104935443433685
EmbeddedHaveWorkedWith_Cargo,1202,-0.031359942274810974,[-0.09  0.03],0.2773103914819562,921,0.03169928075279354,[-0.03  0.1 ],0.3365802182614751,3102,0.06465978220618146,[0.03 0.1 ],0.00031385775019558427,0.021666373561388008
MiscTechWantToWorkWith_Ktor,1202,0.0218933506407895,[-0.03  0.08],0.4482469769602053,921,0.014768848543360611,[-0.05  0.08],0.6544271298617237,3102,0.027644352836355274,[-0.01  0.06],0.12372071023491363,0.02143551734016846
WebframeWantToWorkWith_Elm,1202,0.025893161216176228,[-0.03  0.08],0.3697568335388035,921,0.010939072617064415,[-0.05  0.08],0.740238258633197,3102,0.026173205309743913,[-0.01  0.06],0.1450075060925691,0.02100181304766152
LanguageHaveWorkedWith_Swift,1202,0.005313447822941442,[-0.05  0.06],0.8539929104397669,921,0.013149716568998387,[-0.05  0.08],0.6902302415562462,3102,0.043600867898100554,[0.01 0.08],0.015159222574107576,0.020688010763346795
LanguageHaveWorkedWith_Solidity,1202,0.0026440403324131958,[-0.05  0.06],0.9270370465881766,921,0.05113023547746977,[-0.01  0.12],0.12099602653759454,3102,0.007170749147434916,[-0.03  0.04],0.6897286385190569,0.02031500831910596
LanguageWantToWorkWith_Kotlin,1202,0.003539517618858216,[-0.05  0.06],0.9024338884541834,921,0.008871280101889215,[-0.06  0.07],0.7880334860328404,3102,0.048233448121557936,[0.01 0.08],0.007212458530120209,0.020214748614101788
EmbeddedHaveWorkedWith_QMake,1202,0.013282457214824765,[-0.04  0.07],0.6454858873407294,921,0.05196609748267423,[-0.01  0.12],0.11502826157624155,3102,-0.006179014930791739,[-0.04  0.03],0.730839870016202,0.01968984658890242
WebframeWantToWorkWith_Play Framework,1202,-0.00470059191391632,[-0.06  0.05],0.8706757037794567,921,0.06642898558064998,[0.   0.13],0.043854971417612965,3102,-0.0043907663463444435,[-0.04  0.03],0.8068831055063838,0.019112542440129738
WebframeWantToWorkWith_FastAPI,1202,0.023061662293208177,[-0.03  0.08],0.4243952354913455,921,0.03339632136385895,[-0.03  0.1 ],0.31133874016921725,3102,0.0005940365679881132,[-0.03  0.04],0.973617257373175,0.019017340075018412
PlatformHaveWorkedWith_OVH,1202,0.05618395698388489,[-0.    0.11],0.051486526674643096,921,-0.01011729243214906,[-0.07  0.05],0.7591248078995659,3102,0.010557016250097804,[-0.02  0.05],0.5566942248816937,0.018874560267277875
ToolsTechHaveWorkedWith_Pip,1202,-0.004152334984832913,[-0.06  0.05],0.8856491167125822,921,0.047010583642131475,[-0.02  0.11],0.15400492266721522,3102,0.012840835680898062,[-0.02  0.05],0.47465891626430945,0.01856636144606554
LanguageWantToWorkWith_MATLAB,1202,0.056286272242376756,[-0.    0.11],0.05106248701288278,921,-0.0016130025154809417,[-0.07  0.06],0.9610110038204716,3102,0.0007047761062329661,[-0.03  0.04],0.9687013442392538,0.018459348611042925
EmbeddedWantToWorkWith_SCons,1202,0.07433430871897356,[0.02 0.13],0.009936051271527281,921,-0.01091498775921804,[-0.08  0.05],0.7407896334513168,3102,-0.01057024262142845,[-0.05  0.02],0.5561999675090027,0.017616359446109026
WebframeWantToWorkWith_Spring Boot,1202,0.014421375998436604,[-0.04  0.07],0.6174320982989258,921,0.02993393384081412,[-0.03  0.09],0.36419314072643505,3102,0.008471447797564128,[-0.03  0.04],0.6371832869007217,0.017608919212271618
PlatformWantToWorkWith_Digital Ocean,1202,0.08734855448162106,[0.03 0.14],0.002437394668275281,921,-0.0027034020351598105,[-0.07  0.06],0.9347011647855787,3102,-0.032303168323405136,[-0.07  0.  ],0.07203628961278906,0.017447328041018704
LanguageWantToWorkWith_Zephyr,1202,0.06709903694645696,[0.01 0.12],0.019990991175999482,921,0.008950801227511627,[-0.06  0.07],0.7861793154044008,3102,-0.023819332989083227,[-0.06  0.01],0.1847451337451901,0.017410168394961786
EmbeddedWantToWorkWith_Micronaut,1202,-0.006057256034255681,[-0.06  0.05],0.8338333588763827,921,0.06296274392881954,[-0.    0.13],0.056121287213254684,3102,-0.005339169255939352,[-0.04  0.03],0.7662752629188667,0.0171887728795415
EmbeddedHaveWorkedWith_Micronaut,1202,-0.01730566245008018,[-0.07  0.04],0.548902351500038,921,0.07817592900780142,[0.01 0.14],0.01764942568256285,3102,-0.011072278597147751,[-0.05  0.02],0.5375991704394022,0.01659932932019116
PlatformHaveWorkedWith_Digital Ocean,1202,0.047801345362734726,[-0.01  0.1 ],0.09762279243858916,921,0.007806899592515173,[-0.06  0.07],0.8129628577966995,3102,-0.006669207161446418,[-0.04  0.03],0.7104141545091457,0.016313012597934495
EmbeddedWantToWorkWith_cppunit,1202,0.037025049985254285,[-0.02  0.09],0.19957687205764155,921,0.002831715527177653,[-0.06  0.07],0.9316092568470083,3102,0.008561361650335915,[-0.03  0.04],0.6336136963312837,0.016139375720922618
LanguageHaveWorkedWith_F#,1202,-0.005658575114817492,[-0.06  0.05],0.8446261896682651,921,0.05031298514881677,[-0.01  0.11],0.12706209146318273,3102,0.0034076102853788557,[-0.03  0.04],0.8495340631963755,0.016020673439792712
LanguageHaveWorkedWith_Java,1202,-0.07383448425707773,[-0.13 -0.02],0.010447220426746002,921,0.07624661297524907,[0.01 0.14],0.020659071199740375,3102,0.04337625394530093,[0.01 0.08],0.01569077081636883,0.015262794221157424
EmbeddedHaveWorkedWith_GNU GCC,1202,0.02476209818850433,[-0.03  0.08],0.39103766432022957,921,0.01841501076301897,[-0.05  0.08],0.5767441648923877,3102,0.001650847313388706,[-0.03  0.04],0.9267711839143417,0.014942652088304002
EmbeddedHaveWorkedWith_SCons,1202,0.050696500841315016,[-0.01  0.11],0.07892764586121924,921,-0.015281111272085136,[-0.08  0.05],0.6432581977656526,3102,0.009245190852044302,[-0.03  0.04],0.6067487441907956,0.01488686014042473
MiscTechWantToWorkWith_mlflow,1202,0.0403060325655221,[-0.02  0.1 ],0.16255839316978354,921,0.01307591025517855,[-0.05  0.08],0.6918796629201059,3102,-0.00876972340392459,[-0.04  0.03],0.6253745100409183,0.01487073980559202
LanguageWantToWorkWith_Prolog,1202,0.018479900657918154,[-0.04  0.07],0.5221180935272577,921,0.03347752404538224,[-0.03  0.1 ],0.31016303260131073,3102,-0.007439420941716974,[-0.04  0.03],0.6787410016160975,0.014839334587194474
MiscTechHaveWorkedWith_Ktor,1202,0.0007269098485222187,[-0.06  0.06],0.9799148563679576,921,0.017627613319020567,[-0.05  0.08],0.5931495674472882,3102,0.025063187962638022,[-0.01  0.06],0.162845250480996,0.014472570376726937
EmbeddedHaveWorkedWith_Meson,1202,0.011233552012790138,[-0.05  0.07],0.6972222421704616,921,0.03820804587566633,[-0.03  0.1 ],0.24670682008885708,3102,-0.00602564972172792,[-0.04  0.03],0.7372705954261897,0.014471982722242848
LanguageWantToWorkWith_Haskell,1202,0.05104797491335237,[-0.01  0.11],0.07687070426967038,921,-0.026038297210423004,[-0.09  0.04],0.42995396577668143,3102,0.01816804899216912,[-0.02  0.05],0.3117503607879025,0.01439257556503283
LanguageWantToWorkWith_Objective-C,1202,0.02856083038453843,[-0.03  0.08],0.3224812112645593,921,-0.022548956877101248,[-0.09  0.04],0.49430807790861464,3102,0.03669765568856588,[0.   0.07],0.04097700491775728,0.014236509732001018
MiscTechHaveWorkedWith_SwiftUI,1202,-0.007117119220329145,[-0.06  0.05],0.8052982961687447,921,0.022212061547959665,[-0.04  0.09],0.5007826338096343,3102,0.025688842392495553,[-0.01  0.06],0.15259797124248214,0.01359459490670869
EmbeddedWantToWorkWith_Cargo,1202,-0.010909691644877706,[-0.07  0.05],0.7055380730945295,921,0.010743337533850358,[-0.05  0.08],0.7447230579668644,3102,0.03892631074602661,[0.   0.07],0.030160807498035784,0.012919985544999754
EmbeddedWantToWorkWith_MSVC,1202,0.012861068443743323,[-0.04  0.07],0.6559974072460126,921,0.02338587573781655,[-0.04  0.09],0.47841928365275754,3102,-0.0001935231252592786,[-0.04  0.04],0.9914037239072704,0.012017807018766867
LanguageHaveWorkedWith_C++,1202,0.0112526249234391,[-0.05  0.07],0.6967336221406694,921,0.025368925137158188,[-0.04  0.09],0.44190882482164584,3102,-0.0011876536297619155,[-0.04  0.03],0.9472819326284321,0.011811298810278459
EmbeddedHaveWorkedWith_MSVC,1202,0.05134815312152465,[-0.01  0.11],0.07514870808599587,921,-0.008919491402630755,[-0.07  0.06],0.7869092134997635,3102,-0.007151092035765733,[-0.04  0.03],0.6905351458381923,0.011759189894376054
LanguageWantToWorkWith_Java,1202,-0.014325270901035367,[-0.07  0.04],0.6197786897167246,921,0.01629779361145623,[-0.05  0.08],0.6213300197114611,3102,0.03186496283111023,[-0.    0.07],0.07598485214891777,0.011279161847177033
MiscTechHaveWorkedWith_Hugging Face Transformers,1202,-0.027263027437048382,[-0.08  0.03],0.34496641711122444,921,0.028824474422341574,[-0.04  0.09],0.3822499561395154,3102,0.03182767021040834,[-0.    0.07],0.07632888197640819,0.01112970573190051
PlatformHaveWorkedWith_Scaleway,1202,0.016456249696655777,[-0.04  0.07],0.5686905470576616,921,0.014301955637264357,[-0.05  0.08],0.6646746570319815,3102,0.0004807419834389238,[-0.03  0.04],0.9786476286859095,0.010412982439119686
WebframeHaveWorkedWith_Next.js,1202,-0.030409542585491233,[-0.09  0.03],0.2921386286355927,921,0.06078037734317316,[-0.    0.12],0.06521789584126587,3102,0.000629995623803968,[-0.03  0.04],0.9720208559188472,0.010333610127161965
MiscTechWantToWorkWith_Hugging Face Transformers,1202,-0.040952260993019636,[-0.1   0.02],0.15592010524898084,921,0.07178026537073016,[0.01 0.14],0.029388317525223147,3102,0.00011238561562539391,[-0.04  0.04],0.9950077792476567,0.010313463331111973
ToolsTechWantToWorkWith_Yarn,1202,0.018629918782911297,[-0.04  0.08],0.5187451801197034,921,0.026355343755505013,[-0.04  0.09],0.4243576572736738,3102,-0.014792801058776747,[-0.05  0.02],0.41016292704996904,0.01006415382654652
PlatformWantToWorkWith_Cloudflare,1202,0.03232445214710394,[-0.02  0.09],0.2627942103835562,921,-0.015038773174395082,[-0.08  0.05],0.6485320977638085,3102,0.011943881228779478,[-0.02  0.05],0.5060650425635189,0.009743186733829444
WebframeHaveWorkedWith_Flask,1202,0.021252263226817576,[-0.04  0.08],0.4616517263453366,921,0.014864723874743024,[-0.05  0.08],0.652330766744156,3102,-0.006990156663477618,[-0.04  0.03],0.6971512668014104,0.009708943479360995
MiscTechHaveWorkedWith_OpenCL,1202,-0.009157749698353654,[-0.07  0.05],0.7511113326601901,921,0.029278696134163094,[-0.04  0.09],0.37479206180441693,3102,0.008976275317561568,[-0.03  0.04],0.6172527955279361,0.009699073917790336
LanguageHaveWorkedWith_C,1202,-0.0025788493555532555,[-0.06  0.05],0.9288311749817323,921,0.011554853459749638,[-0.05  0.08],0.7261871477551047,3102,0.018626707471744122,[-0.02  0.05],0.29969041300065485,0.009200903858646836
LanguageWantToWorkWith_Apex,1202,0.03584159076647182,[-0.02  0.09],0.214336399600487,921,-0.034915557434316805,[-0.1   0.03],0.28982736068686,3102,0.023700587662294267,[-0.01  0.06],0.1869446140828959,0.00820887366481643
ToolsTechHaveWorkedWith_Ant,1202,-0.006141754033399344,[-0.06  0.05],0.8315498222796388,921,0.011753487792884737,[-0.05  0.08],0.721673926578891,3102,0.018850619104542006,[-0.02  0.05],0.29391738944798684,0.008154117621342466
MiscTechWantToWorkWith_JAX,1202,0.030355306079165752,[-0.03  0.09],0.29300058589264416,921,0.014690987056293231,[-0.05  0.08],0.6561316163615188,3102,-0.021573788171614802,[-0.06  0.01],0.22966563376671192,0.007824168321281395
WebframeWantToWorkWith_Ruby on Rails,1202,0.010230382411678726,[-0.05  0.07],0.7230943671299712,921,0.009635901938926533,[-0.05  0.07],0.7702561812247358,3102,0.0032876979942227957,[-0.03  0.04],0.854768979116019,0.0077179941149426836
PlatformHaveWorkedWith_Alibaba Cloud,1202,0.05193384778553404,[-0.    0.11],0.07187940429397191,921,-0.01871082917957892,[-0.08  0.05],0.5706364675149984,3102,-0.010071000598599479,[-0.05  0.03],0.575003034010541,0.007717339335785213
MiscTechWantToWorkWith_RabbitMQ,1202,0.038844130740359105,[-0.02  0.1 ],0.17835806292430886,921,-0.042895161700377805,[-0.11  0.02],0.19339118308337086,3102,0.026825316967951585,[-0.01  0.06],0.13524913869188038,0.0075914286693109624
EmbeddedWantToWorkWith_PlatformIO,1202,0.006617206463860098,[-0.05  0.06],0.8187278396024267,921,0.01296920174986798,[-0.05  0.08],0.6942669621016425,3102,0.0029426736121234867,[-0.03  0.04],0.869866332252447,0.007509693941950522
LanguageHaveWorkedWith_Zephyr,1202,0.018596818974634912,[-0.04  0.08],0.5194884076195612,921,0.015305601646896944,[-0.05  0.08],0.6427262154683901,3102,-0.012441370848515763,[-0.05  0.02],0.48851217716808937,0.0071536832576720305
PlatformHaveWorkedWith_Heroku,1202,0.020984696630096538,[-0.04  0.08],0.4673118320271208,921,0.003693665894893631,[-0.06  0.07],0.9108682417094094,3102,-0.003760356154334938,[-0.04  0.03],0.8341737527052175,0.00697266879021841
PlatformWantToWorkWith_Render,1202,-0.022230742880567672,[-0.08  0.03],0.4412819417620911,921,-0.0001111813008739855,[-0.06  0.06],0.9973114965093286,3102,0.041308194033622306,[0.01 0.08],0.0214063641376922,0.006322089950726883
EmbeddedWantToWorkWith_GNU GCC,1202,0.021709824551210313,[-0.03  0.08],0.45206167554813914,921,0.020311258955412425,[-0.04  0.08],0.5381373578758909,3102,-0.023282956647938165,[-0.06  0.01],0.1948338035160738,0.006246042286228191
LanguageWantToWorkWith_Fortran,1202,0.03190578759268864,[-0.02  0.09],0.2690295904711791,921,-0.012361549362377811,[-0.08  0.05],0.707918615763857,3102,-0.0017021422215595383,[-0.04  0.03],0.9245025249466129,0.00594736533625043
ToolsTechHaveWorkedWith_MSBuild,1202,0.03649520067933555,[-0.02  0.09],0.20609055215952274,921,0.008936965651062131,[-0.06  0.07],0.7865018287975409,3102,-0.027748472726483852,[-0.06  0.01],0.12231180072813971,0.005894564534637943
LanguageWantToWorkWith_Ruby,1202,0.020493294689790914,[-0.04  0.08],0.4778063301248059,921,-0.008468848781965587,[-0.07  0.06],0.7974350526073648,3102,0.005278527282802954,[-0.03  0.04],0.7688539511568003,0.005767657730209427
ToolsTechWantToWorkWith_Nix,1202,-0.04404844777507741,[-0.1   0.01],0.1269336844735579,921,0.015270150495522892,[-0.05  0.08],0.643496347993187,3102,0.0460226642070185,[0.01 0.08],0.010359726924369358,0.005748122309154659
LanguageHaveWorkedWith_Cobol,1202,-0.012326445353735838,[-0.07  0.04],0.6694318709705781,921,0.05616189005497489,[-0.01  0.12],0.08848764485430727,3102,-0.026901030997469055,[-0.06  0.01],0.13414980172362015,0.005644804567923332
MiscTechWantToWorkWith_SwiftUI,1202,0.008994846477180875,[-0.05  0.07],0.7553962076702303,921,0.002245404221939063,[-0.06  0.07],0.945745013342864,3102,0.005402246388153868,[-0.03  0.04],0.7635957675802234,0.0055474990290912685
PlatformWantToWorkWith_IBM Cloud Or Watson,1202,-0.00828839188343191,[-0.06  0.05],0.7740637470440375,921,0.029785743312865143,[-0.03  0.09],0.3665737049209099,3102,-0.0068864831493632645,[-0.04  0.03],0.7014255901898115,0.00487028942668999
MiscTechHaveWorkedWith_Roslyn,1202,-0.014341569115786325,[-0.07  0.04],0.6193804640105235,921,-0.0005754253336118904,[-0.07  0.06],0.9860861705710515,3102,0.028407355743079173,[-0.01  0.06],0.11368466370825686,0.004496787097893653
WebframeWantToWorkWith_Deno,1202,0.0007499037755476294,[-0.06  0.06],0.9792796548862246,921,-0.004884866955150254,[-0.07  0.06],0.8823069320994279,3102,0.01712751757998063,[-0.02  0.05],0.3402796426295367,0.004330851466792669
ToolsTechHaveWorkedWith_pnpm,1202,-0.05097951212635444,[-0.11  0.01],0.07726791179113256,921,0.028116008515480666,[-0.04  0.09],0.3940621382416818,3102,0.032032258922991844,[-0.    0.07],0.07445704809747397,0.003056251770706024
PlatformWantToWorkWith_Vultr,1202,-0.018388098675419042,[-0.07  0.04],0.5241876512227064,921,0.017527960668226237,[-0.05  0.08],0.5952409517517361,3102,0.009897217737694702,[-0.03  0.05],0.5816180322241955,0.0030123599101672988
LanguageHaveWorkedWith_R,1202,0.03965767138605306,[-0.02  0.1 ],0.16943038439656444,921,-0.008915324046448564,[-0.07  0.06],0.7870063774786794,3102,-0.022581395301276067,[-0.06  0.01],0.20863134031062602,0.0027203173461094773
MiscTechHaveWorkedWith_Torch/PyTorch,1202,-0.03789234259364466,[-0.09  0.02],0.1892411502575455,921,0.05435793511736543,[-0.01  0.12],0.09922299069897388,3102,-0.008906557574156058,[-0.04  0.03],0.6199889677914936,0.0025196783165215724
EmbeddedWantToWorkWith_CMake,1202,0.03509259179566988,[-0.02  0.09],0.22407473426303331,921,0.007181503798438014,[-0.06  0.07],0.8277010679590417,3102,-0.03592909383692291,[-0.07 -0.  ],0.04539972129059755,0.0021150005857283275
LanguageWantToWorkWith_Lisp,1202,0.042320853769613975,[-0.01  0.1 ],0.14254234924225756,921,-0.04260370468598036,[-0.11  0.02],0.1964378170091162,3102,0.005900856051278085,[-0.03  0.04],0.7425169179042588,0.0018726683783039007
EmbeddedWantToWorkWith_Boost.Test,1202,0.029867992305393193,[-0.03  0.09],0.3008216933786692,921,0.0029397239325650933,[-0.06  0.07],0.9290074272588004,3102,-0.02791737025806816,[-0.06  0.01],0.12005303714846088,0.0016301153266300415
PlatformWantToWorkWith_Oracle Cloud Infrastructure (OCI),1202,0.02070595182631499,[-0.04  0.08],0.47324904429257875,921,-0.04085494333385019,[-0.11  0.02],0.21545719661811435,3102,0.023486427052776426,[-0.01  0.06],0.1909602088246123,0.001112478515080409
MiscTechHaveWorkedWith_TensorFlow,1202,-0.0376377371329932,[-0.09  0.02],0.1922336179523971,921,0.0478168054506223,[-0.02  0.11],0.14705789000256664,3102,-0.007405763040923621,[-0.04  0.03],0.6801138048581539,0.0009244350922351605
ToolsTechWantToWorkWith_Ant,1202,0.007075824965437326,[-0.05  0.06],0.8064055029240731,921,0.006890488327156455,[-0.06  0.07],0.8345802449567108,3102,-0.01312954988973631,[-0.05  0.02],0.4647822348951881,0.00027892113428582373
EmbeddedHaveWorkedWith_Arduino,1202,-0.019899872479186637,[-0.08  0.04],0.49064931129927647,921,0.019571730882610206,[-0.05  0.08],0.5530388074414019,3102,-0.0011655846236942866,[-0.04  0.03],0.9482601543280813,-0.0004979087400902397
ToolsTechWantToWorkWith_MSBuild,1202,-0.0024913305015473804,[-0.06  0.05],0.9312403580730871,921,0.009273557115864348,[-0.06  0.07],0.7786662367276203,3102,-0.009127788457612885,[-0.04  0.03],0.6113247627699067,-0.0007818539477653057
EmbeddedWantToWorkWith_CUTE,1202,0.005324564291869813,[-0.05  0.06],0.8536908825453324,921,,,,3102,-0.006996823084267711,[-0.04  0.03],0.6968767457204961,-0.0008361293961989488
MiscTechHaveWorkedWith_Opencv,1202,0.022638294733262964,[-0.03  0.08],0.43295171101241325,921,-0.007944733675838141,[-0.07  0.06],0.8097233110292198,3102,-0.017350106487089463,[-0.05  0.02],0.33404025223462275,-0.0008855151432215468
PlatformWantToWorkWith_Managed Hosting,1202,0.020581518698398714,[-0.04  0.08],0.4759127678873101,921,0.006244615971786741,[-0.06  0.07],0.8498922044336422,3102,-0.03001495857310547,[-0.07  0.01],0.09464191598130867,-0.0010629413009733387
LanguageHaveWorkedWith_Assembly,1202,0.004888017809479635,[-0.05  0.06],0.865567249327357,921,-0.012012744700229621,[-0.08  0.05],0.7157978281935415,3102,0.0039021114296602624,[-0.03  0.04],0.8280184486055655,-0.0010742051536965745
MiscTechHaveWorkedWith_NumPy,1202,-0.020063758573275074,[-0.08  0.04],0.48708403293282043,921,0.031334098474248305,[-0.03  0.1 ],0.3421790915399161,3102,-0.014497569172507298,[-0.05  0.02],0.4195698071449382,-0.0010757430905113548
PlatformWantToWorkWith_Heroku,1202,0.011376351221928597,[-0.05  0.07],0.6935669944991045,921,-0.03715932402606552,[-0.1   0.03],0.2599251458993201,3102,0.022317743312945164,[-0.01  0.06],0.21399539283193805,-0.0011550764970639181
EmbeddedWantToWorkWith_Arduino,1202,-0.001985934533143667,[-0.06  0.05],0.9451643183335097,921,0.030778493472375105,[-0.03  0.1 ],0.3508108388675,3102,-0.033372977511248555,[-0.07  0.  ],0.06309853065935649,-0.0015268061906723734
LanguageHaveWorkedWith_Objective-C,1202,-0.04294716519177015,[-0.1   0.01],0.13672185039370005,921,-0.020378482256525367,[-0.08  0.04],0.5367928534726513,3102,0.05874348767516284,[0.02 0.09],0.001063138887068715,-0.001527386591044226
LanguageHaveWorkedWith_Python,1202,-0.006986566662510641,[-0.06  0.05],0.8088000727516451,921,-0.015693981840822616,[-0.08  0.05],0.6343143796507729,3102,0.018041970468752683,[-0.02  0.05],0.31512073669952245,-0.001546192678193524
ToolsTechHaveWorkedWith_Nix,1202,-0.07909887346127781,[-0.14 -0.02],0.006073355347260178,921,0.03909014783033136,[-0.03  0.1 ],0.2359585440025633,3102,0.035190175535701196,[-0.    0.07],0.05002443311757634,-0.0016061833650817512
PlatformWantToWorkWith_Scaleway,1202,0.017124939402549617,[-0.04  0.07],0.5530839694433524,921,-0.025485439744598885,[-0.09  0.04],0.43981434414491605,3102,0.0035095911176937582,[-0.03  0.04],0.8450871691750057,-0.0016169697414518368
ToolsTechWantToWorkWith_Ansible,1202,0.0033553283248989397,[-0.05  0.06],0.9074876194986705,921,0.0074248574337880515,[-0.06  0.07],0.8219586377383825,3102,-0.016251243909956296,[-0.05  0.02],0.3655619480903709,-0.001823686050423102
MiscTechWantToWorkWith_Roslyn,1202,-0.02442620020281927,[-0.08  0.03],0.397497871197656,921,-0.020667338019428484,[-0.09  0.04],0.5310348333561005,3102,0.03853496420444325,[0.   0.07],0.031860209088164185,-0.0021861913392681675
LanguageHaveWorkedWith_MATLAB,1202,0.06598760324141721,[0.01 0.12],0.02214361438373518,921,-0.026541902732926215,[-0.09  0.04],0.4210845991627823,3102,-0.046268053600828696,[-0.08 -0.01],0.009958451385248495,-0.0022741176974459
PlatformHaveWorkedWith_Cloudflare,1202,0.006520960879465338,[-0.05  0.06],0.8213195991033835,921,-0.02554439819383368,[-0.09  0.04],0.43875667084023984,3102,0.011982402838710646,[-0.02  0.05],0.5046941432539956,-0.0023470114918858983
EmbeddedHaveWorkedWith_PlatformIO,1202,-0.0025713848584526604,[-0.06  0.05],0.9290366294967758,921,-0.002898205592700183,[-0.07  0.06],0.9300074802441699,3102,-0.0016754676036607058,[-0.04  0.03],0.9256822081724911,-0.002381686018271183
MiscTechWantToWorkWith_GTK,1202,0.031021143155847815,[-0.03  0.09],0.28253652123300443,921,-0.009007159083139616,[-0.07  0.06],0.7848659679260217,3102,-0.03008584835245759,[-0.07  0.01],0.09386493665176737,-0.00269062142658313
ToolsTechHaveWorkedWith_Bun,1202,-0.020488082330076637,[-0.08  0.04],0.4779183322079007,921,0.03769831968177725,[-0.03  0.1 ],0.25307161204912443,3102,-0.025314865016288997,[-0.06  0.01],0.15866248060548657,-0.002701542554862796
LanguageWantToWorkWith_Perl,1202,0.008565246269196428,[-0.05  0.07],0.7667318494011567,921,-0.006148935031433313,[-0.07  0.06],0.8521655133107918,3102,-0.010812511432106615,[-0.05  0.02],0.547184650553512,-0.0027987333981144996
ToolsTechHaveWorkedWith_Webpack,1202,-0.04833592682244361,[-0.1   0.01],0.09392718196179921,921,0.011386016420873312,[-0.05  0.08],0.7300308199217581,3102,0.026798579249073317,[-0.01  0.06],0.1356390173807501,-0.003383777050832326
MiscTechWantToWorkWith_CUDA,1202,-0.039409456518806764,[-0.1   0.02],0.17211804154280508,921,0.03402202640352942,[-0.03  0.1 ],0.3023550525129994,3102,-0.005362513715177505,[-0.04  0.03],0.7652832705029605,-0.003583314610151616
MiscTechHaveWorkedWith_Pandas,1202,-0.026229011478800933,[-0.08  0.03],0.36357891973814016,921,0.035852010726378135,[-0.03  0.1 ],0.27707748231659324,3102,-0.020724390018261825,[-0.06  0.01],0.24853457970384937,-0.0037004635902282076
PlatformWantToWorkWith_OVH,1202,0.03738154806599933,[-0.02  0.09],0.1952796231990203,921,-0.05679280282486014,[-0.12  0.01],0.08496147990860693,3102,0.006420114330919559,[-0.03  0.04],0.7207686525372452,-0.004330380142647083
WebframeHaveWorkedWith_Django,1202,-0.03525208100674578,[-0.09  0.02],0.2219750588781776,921,0.034295416240171135,[-0.03  0.1 ],0.2984843933517013,3102,-0.012776022096468578,[-0.05  0.02],0.47689186498719793,-0.004577562287681074
MiscTechHaveWorkedWith_MFC,1202,0.024625065774393263,[-0.03  0.08],0.39366543350807215,921,-0.038224306384354374,[-0.1   0.03],0.2465056398331687,3102,-0.0010414898697071807,[-0.04  0.03],0.9537621368851978,-0.004880243493222764
MiscTechWantToWorkWith_Torch/PyTorch,1202,-0.014867565802457905,[-0.07  0.04],0.6065888255879746,921,0.035898740676284686,[-0.03  0.1 ],0.27645140374566757,3102,-0.03773607883703282,[-0.07 -0.  ],0.03558525834496787,-0.005568301321068679
MiscTechHaveWorkedWith_OpenGL,1202,-0.0014616721031850213,[-0.06  0.06],0.9596257067766715,921,0.011297648916820106,[-0.05  0.08],0.7320452664802213,3102,-0.026990529595523026,[-0.06  0.01],0.1328592408915997,-0.0057181842606293136
LanguageHaveWorkedWith_Prolog,1202,-0.016972460766324127,[-0.07  0.04],0.5566241496715345,921,0.01804693998825255,[-0.05  0.08],0.584386320901243,3102,-0.018890144191933887,[-0.05  0.02],0.2929061230817366,-0.005938554990001821
PlatformHaveWorkedWith_Render,1202,-0.039242465647361446,[-0.1   0.02],0.17394405384861095,921,-0.005938599241613631,[-0.07  0.06],0.8571672241548246,3102,0.02612628010981576,[-0.01  0.06],0.1457299785748426,-0.006351594926386439
LanguageWantToWorkWith_Delphi,1202,0.06642023371790558,[0.01 0.12],0.021282867896925947,921,-0.06537460491390347,[-0.13 -0.  ],0.047321096445289826,3102,-0.020711588719039047,[-0.06  0.01],0.24882700975326874,-0.00655531997167898
PlatformWantToWorkWith_VMware,1202,-0.008216947177529134,[-0.06  0.05],0.7759591089695792,921,0.03413403568488788,[-0.03  0.1 ],0.3007652097784603,3102,-0.04581886502565829,[-0.08 -0.01],0.010703857347363982,-0.006633925506099846
PlatformWantToWorkWith_Firebase,1202,-0.012380359022522188,[-0.07  0.04],0.6680721913772276,921,0.06547930774059679,[0.   0.13],0.04696691854038699,3102,-0.07379259266228863,[-0.11 -0.04],3.8907083526872626e-05,-0.006897881314738008
LanguageWantToWorkWith_Solidity,1202,-0.018844796551017683,[-0.08  0.04],0.5139336628211886,921,0.010146705184037614,[-0.05  0.07],0.7584462721765527,3102,-0.012100703149401558,[-0.05  0.02],0.5004963579138253,-0.006932931505460542
LanguageHaveWorkedWith_Delphi,1202,0.039683549238554404,[-0.02  0.1 ],0.16915199995045974,921,-0.023198757622506824,[-0.09  0.04],0.48194733375600496,3102,-0.03752832789320387,[-0.07 -0.  ],0.03661271705205293,-0.0070145120923854306
MiscTechHaveWorkedWith_React Native,1202,-0.06085400235040791,[-0.12 -0.  ],0.03489621814494148,921,0.05820525420889294,[-0.01  0.12],0.07747808693017103,3102,-0.019521686275479604,[-0.05  0.02],0.2770644712393042,-0.0073901448056648555
PlatformWantToWorkWith_Microsoft Azure,1202,0.06348004196201909,[0.01 0.12],0.027751958458531473,921,-0.04290065879335695,[-0.11  0.02],0.19333405613229945,3102,-0.04318018272953427,[-0.08 -0.01],0.016168099164423272,-0.007533599853624044
EmbeddedWantToWorkWith_QMake,1202,-0.012082665237461845,[-0.07  0.04],0.6755933649331455,921,-0.011828685113526905,[-0.08  0.05],0.7199678603855966,3102,0.0007117498613282766,[-0.03  0.04],0.9683918054271312,-0.007733200163220158
MiscTechHaveWorkedWith_DirectX,1202,-0.0524465254210362,[-0.11  0.  ],0.06911404958591409,921,0.014930916433345171,[-0.05  0.08],0.6508850297639832,3102,0.014191316021346156,[-0.02  0.05],0.4294605508626772,-0.007774764322114957
LanguageWantToWorkWith_Julia,1202,-0.012162585529100697,[-0.07  0.04],0.6735709776537424,921,0.0002586872750809589,[-0.06  0.06],0.9937446689548532,3102,-0.011586949654966382,[-0.05  0.02],0.5188599974841387,-0.007830282636328708
MiscTechWantToWorkWith_Pandas,1202,-0.03289547498543986,[-0.09  0.02],0.25445143652188434,921,0.052025161757996256,[-0.01  0.12],0.11461546625806701,3102,-0.043261048526042546,[-0.08 -0.01],0.015969710070071353,-0.008043787251162053
LanguageWantToWorkWith_Cobol,1202,-0.007360359010711723,[-0.06  0.05],0.7987843828253938,921,0.023292482533099967,[-0.04  0.09],0.48017841809584605,3102,-0.04125933268229269,[-0.08 -0.01],0.021560896822963173,-0.00844240305330148
ToolsTechWantToWorkWith_pnpm,1202,-0.04119003370644072,[-0.1   0.02],0.15353001348982406,921,0.01458796062003618,[-0.05  0.08],0.658389744239753,3102,-5.540821210212951e-05,[-0.04  0.04],0.997538729576565,-0.008885827099502223
EmbeddedWantToWorkWith_build2,1202,-0.009374324814919508,[-0.07  0.05],0.7454265847600459,921,,,,3102,-0.009451822780709723,[-0.04  0.03],0.5987322085272428,-0.009413073797814616
LanguageWantToWorkWith_Nim,1202,-0.024440714641072,[-0.08  0.03],0.39721739845991255,921,-0.025543903875798173,[-0.09  0.04],0.43876553248980743,3102,0.020730822114948977,[-0.01  0.06],0.248387737035221,-0.009751265467307065
LanguageWantToWorkWith_Swift,1202,-0.03995063198263458,[-0.1   0.02],0.166298813100997,921,-0.013225579727883663,[-0.08  0.05],0.6885363834108112,3102,0.021869959575368778,[-0.01  0.06],0.2233321992978069,-0.010435417378383154
MiscTechHaveWorkedWith_Qt,1202,0.031581830213231674,[-0.03  0.09],0.2739235329357747,921,-0.040520567844975014,[-0.1   0.02],0.21923982250916085,3102,-0.02246480695160124,[-0.06  0.01],0.21099121861781073,-0.010467848194448194
WebframeHaveWorkedWith_Elm,1202,0.01150579802109235,[-0.05  0.07],0.6902596699151182,921,-0.030698403072800737,[-0.1   0.03],0.3520663726758839,3102,-0.01291222415991251,[-0.05  0.02],0.47220610622626724,-0.010701609737206965
MiscTechWantToWorkWith_DirectX,1202,-0.025655732281145753,[-0.08  0.03],0.37416337466931626,921,-0.004700320464031372,[-0.07  0.06],0.8867227503468121,3102,-0.0019027820725910783,[-0.04  0.03],0.9156347378644719,-0.010752944939256067
PlatformHaveWorkedWith_Microsoft Azure,1202,0.08053247527542017,[0.02 0.14],0.005211134876730277,921,-0.05435328889338681,[-0.12  0.01],0.09925192350784379,3102,-0.05890848257050089,[-0.09 -0.02],0.0010290132001976975,-0.010909765396155844
PlatformHaveWorkedWith_Oracle Cloud Infrastructure (OCI),1202,0.022327189991002486,[-0.03  0.08],0.4393023528991832,921,-0.07373862743972417,[-0.14 -0.01],0.025232371004613386,3102,0.017624519983464173,[-0.02  0.05],0.32645033373848686,-0.011262305821752505
WebframeHaveWorkedWith_NestJS,1202,-0.006589542996323814,[-0.06  0.05],0.8194725770056417,921,-0.021222909636559026,[-0.09  0.04],0.5200487689759434,3102,-0.007156562917280835,[-0.04  0.03],0.6903106469247926,-0.011656338516721224
PlatformHaveWorkedWith_Firebase,1202,-0.05010099571716396,[-0.11  0.01],0.08251463762159973,921,0.05167691069903369,[-0.01  0.12],0.11706624012222748,3102,-0.036743602559642666,[-0.07 -0.  ],0.04072458220140003,-0.011722562525924312
PlatformWantToWorkWith_Alibaba Cloud,1202,-0.048212265736539944,[-0.1   0.01],0.09477194240346333,921,0.013829785626736498,[-0.05  0.08],0.6751020253477347,3102,-0.0010367809040429802,[-0.04  0.03],0.9539709630919799,-0.011806420337948808
EmbeddedHaveWorkedWith_doctest,1202,-0.01902594328941175,[-0.08  0.04],0.5098955356002531,921,0.0035978710816468294,[-0.06  0.07],0.9131706101239814,3102,-0.020227711627605265,[-0.06  0.01],0.26005729477337813,-0.01188526127845673
LanguageHaveWorkedWith_Julia,1202,-0.06223109473288873,[-0.12 -0.01],0.030975247981669105,921,0.05049555033003343,[-0.01  0.11],0.1256869033617626,3102,-0.02404717080618065,[-0.06  0.01],0.18057866688681415,-0.011927571736345316
PlatformHaveWorkedWith_Netlify,1202,0.0070425735655968305,[-0.05  0.06],0.8072973415991479,921,-0.0276885714667857,[-0.09  0.04],0.4012942480852969,3102,-0.01578530905506722,[-0.05  0.02],0.37947030733189213,-0.012143768985418696
LanguageHaveWorkedWith_Apex,1202,-0.014369322611979944,[-0.07  0.04],0.6187026000725332,921,-0.014086697979408588,[-0.08  0.05],0.6694205104897518,3102,-0.008725791633521123,[-0.04  0.03],0.6271078495819553,-0.012393937408303218
MiscTechWantToWorkWith_Scikit-Learn,1202,-0.019850380527264774,[-0.08  0.04],0.4917287372138429,921,0.007651149091593799,[-0.06  0.07],0.8166273445482378,3102,-0.025335873352867588,[-0.06  0.01],0.15831704075678601,-0.012511701596179522
MiscTechHaveWorkedWith_Keras,1202,-0.019630418015426646,[-0.08  0.04],0.49654151041919226,921,-0.0022760776906022373,[-0.07  0.06],0.9450050250766591,3102,-0.015736668485725858,[-0.05  0.02],0.3809407688519333,-0.012547721397251578
LanguageHaveWorkedWith_Haskell,1202,-0.02857801319502927,[-0.08  0.03],0.32219006153058793,921,-0.02515680669989681,[-0.09  0.04],0.4457364887057903,3102,0.014965216827122674,[-0.02  0.05],0.4047277296319375,-0.012923201022601137
PlatformHaveWorkedWith_Vultr,1202,0.01138556906959501,[-0.05  0.07],0.6933312876081508,921,-0.012743909547847678,[-0.08  0.05],0.69931716684483,3102,-0.038194871768589704,[-0.07 -0.  ],0.03340304273258761,-0.01318440408228079
LanguageHaveWorkedWith_Nim,1202,-0.026073031753911416,[-0.08  0.03],0.36644008061517974,921,,,,3102,-0.0003401005742463286,[-0.04  0.03],0.9848933797196886,-0.013206566164078871
WebframeHaveWorkedWith_Htmx,1202,-0.0004866712258910626,[-0.06  0.06],0.9865520731411903,921,-0.004260692462607486,[-0.07  0.06],0.8972560497651803,3102,-0.034951144413545014,[-0.07  0.  ],0.05160249737854693,-0.01323283603401452
EmbeddedHaveWorkedWith_ZMK,1202,0.04080054470065503,[-0.02  0.1 ],0.15745982818801113,921,-0.06114426501913577,[-0.13  0.  ],0.06362183888480272,3102,-0.01963534572931745,[-0.05  0.02],0.2742765824492535,-0.013326355349266064
MiscTechWantToWorkWith_MFC,1202,0.006562130329165205,[-0.05  0.06],0.8202107229878366,921,-0.034915557434316805,[-0.1   0.03],0.28982736068686,3102,-0.012035363343310563,[-0.05  0.02],0.5028125946028423,-0.013462930149487387
LanguageHaveWorkedWith_Zig,1202,-0.010309137705551084,[-0.07  0.05],0.7210513043700512,921,-0.019456727652947467,[-0.08  0.05],0.5553741343065677,3102,-0.011714862504951778,[-0.05  0.02],0.5142555704550982,-0.013826909287816776
PlatformHaveWorkedWith_Hetzner,1202,-0.07528558341578982,[-0.13 -0.02],0.009024301302653876,921,0.02152680927537814,[-0.04  0.09],0.514089246320007,3102,0.011970605772289143,[-0.02  0.05],0.5051137669149883,-0.013929389456040844
LanguageHaveWorkedWith_Crystal,1202,-0.00798019445782892,[-0.06  0.05],0.7822494122314165,921,-0.03752919186018992,[-0.1   0.03],0.25520847072919006,3102,0.003240182832288912,[-0.03  0.04],0.8568450932359705,-0.014089734495243311
MiscTechWantToWorkWith_OpenCL,1202,-0.010246350384371624,[-0.07  0.05],0.7226799675093999,921,2.35170250073599e-05,[-0.06  0.06],0.9994313277733917,3102,-0.032507826263952815,[-0.07  0.  ],0.07025057465585322,-0.014243553207772361
WebframeWantToWorkWith_Htmx,1202,-0.047857155685280706,[-0.1   0.01],0.0972316259003367,921,0.02861082288308092,[-0.04  0.09],0.3857891105942537,3102,-0.023537078124226615,[-0.06  0.01],0.19000479987995852,-0.014261136975475467
WebframeHaveWorkedWith_Solid.js,1202,-0.009630611128561244,[-0.07  0.05],0.7387173461302069,921,-0.011907521701874946,[-0.08  0.05],0.7181807209493256,3102,-0.02152300603359273,[-0.06  0.01],0.23076427782068523,-0.014353712954676306
WebframeWantToWorkWith_NestJS,1202,-0.017577527435839516,[-0.07  0.04],0.5426413658851498,921,-0.010647377143324468,[-0.08  0.05],0.7469249311958857,3102,-0.015146011023451747,[-0.05  0.02],0.3990749039649061,-0.014456971867538576
PlatformHaveWorkedWith_Supabase,1202,-0.019868869192940657,[-0.08  0.04],0.4913253481218285,921,-0.00039236037132988033,[-0.06  0.06],0.9905124387466231,3102,-0.024112929344355865,[-0.06  0.01],0.17938921206637923,-0.014791386302875466
MiscTechWantToWorkWith_Capacitor,1202,-0.04942665488473957,[-0.11  0.01],0.08673464799699208,921,0.019688416975647053,[-0.04  0.08],0.5506742306181414,3102,-0.017385291947797657,[-0.05  0.02],0.3330607608142293,-0.015707843285630057
MiscTechWantToWorkWith_Flutter,1202,0.04036530480324835,[-0.02  0.1 ],0.1619407977696923,921,-0.05303426380945877,[-0.12  0.01],0.10774123324113292,3102,-0.036635610019524666,[-0.07 -0.  ],0.04131997293481242,-0.016434856341911695
MiscTechHaveWorkedWith_Tidyverse,1202,0.021678934549378432,[-0.03  0.08],0.4527055397895481,921,-0.06151482020083971,[-0.13  0.  ],0.06202978280661472,3102,-0.011022274729150836,[-0.05  0.02],0.5394377558679934,-0.016952720126870702
PlatformHaveWorkedWith_VMware,1202,0.0076970812088514775,[-0.05  0.06],0.7897901536161184,921,-0.0011344746788130415,[-0.07  0.06],0.9725723207967678,3102,-0.057432617381897734,[-0.09 -0.02],0.0013738161429424334,-0.0169566702839531
LanguageWantToWorkWith_MicroPython,1202,-0.01913159417528739,[-0.08  0.04],0.507548042659651,921,-0.011568669434138965,[-0.08  0.05],0.7258729220988045,3102,-0.022699738994130327,[-0.06  0.01],0.2062555459208082,-0.017800000867852227
LanguageHaveWorkedWith_Ada,1202,0.03516477911817228,[-0.02  0.09],0.22312263800745416,921,-0.049053900844892154,[-0.11  0.02],0.13686677480207174,3102,-0.04163805580632128,[-0.08 -0.01],0.020388118676776822,-0.018509059177680386
LanguageHaveWorkedWith_MicroPython,1202,-0.015483871696546614,[-0.07  0.04],0.5917529824569405,921,-0.04484678156698367,[-0.11  0.02],0.17387892419462567,3102,0.004385032442724201,[-0.03  0.04],0.8071303256091483,-0.018648540273602028
MiscTechWantToWorkWith_Cordova,1202,-0.009261256673631292,[-0.07  0.05],0.7483927363959068,921,-0.008945040744635199,[-0.07  0.06],0.7863135903554683,3102,-0.038036157158645056,[-0.07 -0.  ],0.034144645724974415,-0.018747484858970515
MiscTechWantToWorkWith_Tidyverse,1202,-0.00800423118812358,[-0.06  0.05],0.7816101216029433,921,-0.030698403072800737,[-0.1   0.03],0.3520663726758839,3102,-0.0180221566472787,[-0.05  0.02],0.31565257471401725,-0.018908263636067672
MiscTechHaveWorkedWith_Scikit-Learn,1202,-0.0036201560783620996,[-0.06  0.05],0.9002225842899731,921,-0.02451808516779914,[-0.09  0.04],0.4573753642604603,3102,-0.029064941182760536,[-0.06  0.01],0.10555944307080678,-0.01906772747630726
MiscTechWantToWorkWith_NumPy,1202,-0.019009060455349752,[-0.08  0.04],0.5102711861596283,921,-0.009562925124557385,[-0.07  0.06],0.7719478472272026,3102,-0.02916716941011103,[-0.06  0.01],0.10433871431276512,-0.019246384996672725
LanguageWantToWorkWith_R,1202,0.021642326488645627,[-0.03  0.08],0.4534692593400036,921,-0.059273486031699116,[-0.12  0.01],0.07218196377940579,3102,-0.021324137437944382,[-0.06  0.01],0.23510261446807929,-0.019651765660332624
MiscTechWantToWorkWith_Opencv,1202,0.014430793269539206,[-0.04  0.07],0.6172023666069725,921,-0.03480332602511737,[-0.1   0.03],0.29138144763596746,3102,-0.03897444827241433,[-0.07 -0.  ],0.02995725013983307,-0.01978232700933083
PlatformWantToWorkWith_Netlify,1202,0.025022715967027025,[-0.03  0.08],0.386069438020038,921,-0.04185001219327622,[-0.11  0.02],0.2044786931913537,3102,-0.042537042543532674,[-0.08 -0.01],0.01782450777972319,-0.01978811292326062
MiscTechHaveWorkedWith_Electron,1202,-0.022535874299923028,[-0.08  0.03],0.4350365588015326,921,-0.012967113978000001,[-0.08  0.05],0.6943137003671878,3102,-0.02604095934020677,[-0.06  0.01],0.14705065160185737,-0.020514649206043265
PlatformHaveWorkedWith_Vercel,1202,-0.0014996073125820237,[-0.06  0.06],0.95857878953606,921,-0.022164891389229363,[-0.09  0.04],0.5016927323612402,3102,-0.041905707301349335,[-0.08 -0.01],0.019593201652700454,-0.021856735334386906
WebframeWantToWorkWith_Django,1202,-0.010699701126497544,[-0.07  0.05],0.7109489529740103,921,0.009385956659655631,[-0.06  0.07],0.7760546127241882,3102,-0.06457677199481683,[-0.1  -0.03],0.0003195054975048072,-0.02196350548721958
LanguageWantToWorkWith_Assembly,1202,-0.029003677752932677,[-0.09  0.03],0.31503220664283005,921,-0.016929654121334167,[-0.08  0.05],0.6078674808923603,3102,-0.020380338400728143,[-0.06  0.01],0.25647775022691377,-0.022104556758331662
WebframeWantToWorkWith_Gatsby,1202,0.014229744334441921,[-0.04  0.07],0.6221149945903357,921,-0.0530308913915966,[-0.12  0.01],0.10776365165314343,3102,-0.02758021022610575,[-0.06  0.01],0.12459494526489857,-0.022127119094420142
WebframeHaveWorkedWith_AngularJS,1202,-0.03284851521047764,[-0.09  0.02],0.25513050360677036,921,0.0050861171998511185,[-0.06  0.07],0.8774955913116298,3102,-0.0386739250928979,[-0.07 -0.  ],0.03124761239306197,-0.022145441034508138
"PlatformWantToWorkWith_Linode, now Akamai",1202,-0.022498851115565256,[-0.08  0.03],0.43579161641948483,921,-0.004749415447723336,[-0.07  0.06],0.8855476596565539,3102,-0.04273089839482529,[-0.08 -0.01],0.01731024526859858,-0.023326388319371293
WebframeWantToWorkWith_Express,1202,0.00043787039176128116,[-0.06  0.06],0.9879004516106012,921,-0.026375531528007652,[-0.09  0.04],0.42400276086341404,3102,-0.04455638348905517,[-0.08 -0.01],0.01307107520905184,-0.023498014875100514
WebframeWantToWorkWith_CodeIgniter,1202,0.01371279252641697,[-0.04  0.07],0.6348237207934876,921,-0.06349390214952923,[-0.13  0.  ],0.054074567005958314,3102,-0.02085267255830803,[-0.06  0.01],0.24561738602883754,-0.02354459406047343
PlatformHaveWorkedWith_Managed Hosting,1202,-0.012242706276847133,[-0.07  0.04],0.6715458807438643,921,-0.022457634466071647,[-0.09  0.04],0.4960587119130869,3102,-0.03599386143979033,[-0.07 -0.  ],0.0450121082773284,-0.023564734060903036
PlatformWantToWorkWith_Vercel,1202,0.027607317975542514,[-0.03  0.08],0.3389062434327452,921,-0.03000058541672923,[-0.09  0.03],0.3631255886400854,3102,-0.0691635161917833,[-0.1  -0.03],0.00011565016947226625,-0.023852261210990006
ToolsTechWantToWorkWith_Pip,1202,-0.04756603891865289,[-0.1   0.01],0.09928585234913616,921,0.01493360666117474,[-0.05  0.08],0.6508262991397746,3102,-0.03903099059331915,[-0.07 -0.  ],0.02971966026418738,-0.023887807616932433
WebframeHaveWorkedWith_Astro,1202,-0.027392318467920344,[-0.08  0.03],0.3426826006296497,921,-0.009680013521674304,[-0.07  0.05],0.7692341647479536,3102,-0.03461077950363059,[-0.07  0.  ],0.05392124575020026,-0.023894370497741745
LanguageWantToWorkWith_VBA,1202,0.00241571220723141,[-0.05  0.06],0.9333224550763352,921,-0.026606001380530434,[-0.09  0.04],0.41996345243750655,3102,-0.04806985123517178,[-0.08 -0.01],0.007411892057600242,-0.024086713469490265
ToolsTechHaveWorkedWith_Chocolatey,1202,-0.02266202498553333,[-0.08  0.03],0.43246948845162636,921,-0.002111519097581081,[-0.07  0.06],0.9489754908386245,3102,-0.04942760610521556,[-0.08 -0.01],0.005896650764430681,-0.024733716729443325
ToolsTechHaveWorkedWith_Unreal Engine,1202,-0.03559991461643937,[-0.09  0.02],0.21744473778354462,921,0.005163506746697049,[-0.06  0.07],0.8756466118848139,3102,-0.043776800240841775,[-0.08 -0.01],0.01475401384162447,-0.024737736036861368
PlatformWantToWorkWith_Supabase,1202,-0.0038286467425609626,[-0.06  0.05],0.8945088848753329,921,-0.02183133571548437,[-0.09  0.04],0.5081532029936844,3102,-0.04866916774059684,[-0.08 -0.01],0.006704569811850676,-0.02477638339954739
WebframeHaveWorkedWith_Deno,1202,-0.06929002122640333,[-0.13 -0.01],0.01627609668166746,921,-0.012352442179474454,[-0.08  0.05],0.7081239475094006,3102,0.0052282455105002726,[-0.03  0.04],0.7709940323167194,-0.02547140596512584
MiscTechWantToWorkWith_TensorFlow,1202,-0.026460425693607317,[-0.08  0.03],0.3593598467493003,921,0.013509805130511072,[-0.05  0.08],0.6822041668896497,3102,-0.0651257800073034,[-0.1  -0.03],0.0002838485848494398,-0.02602546685679988
LanguageWantToWorkWith_Bash/Shell (all shells),1202,-0.01729810520788677,[-0.07  0.04],0.5490769003185334,921,-0.043239234394165514,[-0.11  0.02],0.1898393187911463,3102,-0.017574188064735166,[-0.05  0.02],0.3278339956040046,-0.026037175888929148
LanguageWantToWorkWith_Crystal,1202,-0.01416795613715303,[-0.07  0.04],0.6236281856351622,921,-0.06029044957864321,[-0.12  0.  ],0.06741871171315775,3102,-0.004514092149878908,[-0.04  0.03],0.8015705586063282,-0.02632416595522505
WebframeHaveWorkedWith_CodeIgniter,1202,-0.03807031384097586,[-0.09  0.02],0.18716985001961345,921,-0.019708125100747802,[-0.08  0.04],0.5502753476349429,3102,-0.021828165837436457,[-0.06  0.01],0.22421828418618256,-0.026535534926386706
ToolsTechWantToWorkWith_Webpack,1202,-0.04181529066536456,[-0.1   0.01],0.1473777674573367,921,-0.008655051087043186,[-0.07  0.06],0.793081272675014,3102,-0.030020907281881237,[-0.07  0.01],0.09457651845195027,-0.026830416344762995
ToolsTechWantToWorkWith_Bun,1202,-0.05791068180728007,[-0.11 -0.  ],0.04471222501972136,921,0.018695777414731832,[-0.05  0.08],0.5709464938803603,3102,-0.04207490985937205,[-0.08 -0.01],0.019104753148450324,-0.0270966047506401
WebframeHaveWorkedWith_Yii 2,1202,0.0027161505232971912,[-0.05  0.06],0.9250529255895296,921,-0.05603074133097883,[-0.12  0.01],0.08923521770243541,3102,-0.028742579506405717,[-0.06  0.01],0.10948311935028761,-0.027352390104695784
WebframeHaveWorkedWith_Svelte,1202,-0.032941786327472654,[-0.09  0.02],0.25378297715947157,921,-0.03390887069513112,[-0.1   0.03],0.3039668251571403,3102,-0.015214049672974015,[-0.05  0.02],0.3969599250997796,-0.027354902231859265
"PlatformHaveWorkedWith_Linode, now Akamai",1202,-0.022175541329824928,[-0.08  0.03],0.4424172530700331,921,-0.04519414456332747,[-0.11  0.02],0.17056561138472506,3102,-0.016422958984995285,[-0.05  0.02],0.3605174272618623,-0.027930881626049228
ToolsTechHaveWorkedWith_APT,1202,-0.005818431024498691,[-0.06  0.05],0.8402950555546811,921,-0.07406314040279538,[-0.14 -0.01],0.024595202537423814,3102,-0.0047124442191039196,[-0.04  0.03],0.7930453822684184,-0.028198005215465994
WebframeHaveWorkedWith_Express,1202,-0.027582599823702474,[-0.08  0.03],0.3393390432340333,921,-0.03835671631490141,[-0.1   0.03],0.24487169353663507,3102,-0.019579896900639198,[-0.05  0.02],0.2756342536429562,-0.028506404346414358
MiscTechWantToWorkWith_Keras,1202,-0.034250770969809684,[-0.09  0.02],0.2353923438931063,921,-0.0304201716254086,[-0.09  0.03],0.35645009323649246,3102,-0.021709740939874753,[-0.06  0.01],0.2267426901901278,-0.028793561178364346
WebframeHaveWorkedWith_Drupal,1202,0.002238210769649258,[-0.05  0.06],0.9382115986726024,921,-0.04292429646942875,[-0.11  0.02],0.19308854941725204,3102,-0.04572248283920191,[-0.08 -0.01],0.010870116234068672,-0.02880285617966047
LanguageHaveWorkedWith_Dart,1202,-0.034855651688192296,[-0.09  0.02],0.22722017290749058,921,-0.013704154078071127,[-0.08  0.05],0.6778870864403153,3102,-0.04038882363775991,[-0.08 -0.01],0.024481273431193468,-0.02964954313467445
PlatformHaveWorkedWith_PythonAnywhere,1202,-0.04595822832340027,[-0.1   0.01],0.11126126862841554,921,-0.0011396083339583515,[-0.07  0.06],0.9724482558982364,3102,-0.042306690586185025,[-0.08 -0.01],0.018452942361778604,-0.029801509081181215
PlatformWantToWorkWith_Hetzner,1202,-0.052877178578342135,[-0.11  0.  ],0.06685913697474169,921,-0.02107912739094117,[-0.09  0.04],0.5228807058485161,3102,-0.016456621421523005,[-0.05  0.02],0.35953365980771324,-0.030137642463602104
WebframeHaveWorkedWith_Nuxt.js,1202,-0.060595622334376396,[-0.12 -0.  ],0.03567722574685011,921,-0.015123358126979156,[-0.08  0.05],0.6466892941189006,3102,-0.015856946814902746,[-0.05  0.02],0.37731097771145017,-0.0305253090920861
LanguageWantToWorkWith_Zig,1202,-0.04604254534169902,[-0.1   0.01],0.11060617724339199,921,-0.04037421326567224,[-0.1   0.02],0.22091035227042274,3102,-0.005588088085458076,[-0.04  0.03],0.7557178236160689,-0.030668282230943113
EmbeddedWantToWorkWith_doctest,1202,-0.042337438942253926,[-0.1   0.01],0.14238580746136234,921,-0.029141578779689023,[-0.09  0.04],0.3770338805510325,3102,-0.0216462819528221,[-0.06  0.01],0.2281037221989689,-0.031041766558255014
MiscTechHaveWorkedWith_Flutter,1202,-0.013033574046503744,[-0.07  0.04],0.651685883752526,921,-0.0592145540523312,[-0.12  0.01],0.07246621688693172,3102,-0.022753037019702684,[-0.06  0.01],0.2051920056370052,-0.03166705503951254
MiscTechWantToWorkWith_Qt,1202,0.011545455390409076,[-0.05  0.07],0.6892476141342161,921,-0.0646099368176017,[-0.13 -0.  ],0.049976315662878246,3102,-0.04982200363240915,[-0.08 -0.01],0.005512169621070652,-0.034295495019867256
MiscTechWantToWorkWith_React Native,1202,-0.04733952438016288,[-0.1   0.01],0.10090802750237891,921,0.01656283819409154,[-0.05  0.08],0.6156671588586595,3102,-0.07218728372118818,[-0.11 -0.04],5.718284202856074e-05,-0.03432132330241984
MiscTechWantToWorkWith_OpenGL,1202,-0.005764654943301179,[-0.06  0.05],0.8417515319898619,921,-0.02536817965324514,[-0.09  0.04],0.4419222440565427,3102,-0.07329849695377767,[-0.11 -0.04],4.383904683591591e-05,-0.034810443850108
EmbeddedWantToWorkWith_ZMK,1202,-0.012057966470293538,[-0.07  0.04],0.676218842745048,921,-0.06114426501913577,[-0.13  0.  ],0.06362183888480272,3102,-0.03315490429621116,[-0.07  0.  ],0.06484203246559342,-0.03545237859521349
WebframeWantToWorkWith_Flask,1202,-0.01576186639345481,[-0.07  0.04],0.5851159525142401,921,-0.04227945745103296,[-0.11  0.02],0.19986828991545108,3102,-0.048367731343478076,[-0.08 -0.01],0.007052371809356324,-0.03546968506265528
LanguageWantToWorkWith_Python,1202,-0.018076153007958867,[-0.07  0.04],0.5312513061874434,921,-0.04425058341288257,[-0.11  0.02],0.17967726751633276,3102,-0.04429895860176261,[-0.08 -0.01],0.013607010365278909,-0.03554189834086802
LanguageHaveWorkedWith_Lua,1202,-0.07534944055944649,[-0.13 -0.02],0.00896585841041345,921,-0.014779066101588688,[-0.08  0.05],0.6542035877820543,3102,-0.0187181977192387,[-0.05  0.02],0.2973224866359396,-0.03628223479342463
WebframeWantToWorkWith_React,1202,-0.02981185258034547,[-0.09  0.03],0.3017315460204293,921,-0.020022262717482104,[-0.08  0.04],0.5439365985345134,3102,-0.05908098782315909,[-0.09 -0.02],0.000994419828101695,-0.03630503437366222
MiscTechWantToWorkWith_Ionic,1202,-0.04677731452733203,[-0.1   0.01],0.10502546692361646,921,-0.04428453542360886,[-0.11  0.02],0.17934326050576274,3102,-0.018440606430533385,[-0.05  0.02],0.3045457284456709,-0.03650081879382475
LanguageWantToWorkWith_Ada,1202,0.004248062916001955,[-0.05  0.06],0.8830316009951034,921,-0.05932264806935464,[-0.12  0.01],0.07194553313008333,3102,-0.054953371006558706,[-0.09 -0.02],0.002200537031617548,-0.036675985386637126
MiscTechWantToWorkWith_Electron,1202,-0.0623608311711617,[-0.12 -0.01],0.03062612191690203,921,0.0038585373196664704,[-0.06  0.07],0.9069074199295066,3102,-0.053878446466409304,[-0.09 -0.02],0.0026842072676167028,-0.03746024677263484
WebframeWantToWorkWith_Drupal,1202,-0.0077638638851769285,[-0.06  0.05],0.7880095907632882,921,-0.05555897553323245,[-0.12  0.01],0.09196645770445085,3102,-0.05144470741215951,[-0.09 -0.02],0.004157114891528769,-0.03825584894352296
WebframeWantToWorkWith_Strapi,1202,-0.016780644451341174,[-0.07  0.04],0.5610932636055243,921,-0.04706825053387732,[-0.11  0.02],0.15349989516809914,3102,-0.05333053077548177,[-0.09 -0.02],0.0029664502897497817,-0.03905980858690009
ToolsTechWantToWorkWith_Pacman,1202,-0.0524459499488541,[-0.11  0.  ],0.06911710400709528,921,-0.036679255696218716,[-0.1   0.03],0.26613649216402824,3102,-0.02894344534843373,[-0.06  0.01],0.10702494864830114,-0.039356216997835515
ToolsTechWantToWorkWith_APT,1202,-0.009862366655937828,[-0.07  0.05],0.7326673357071783,921,-0.08026866750466555,[-0.14 -0.02],0.014825397524029435,3102,-0.028189041877948542,[-0.06  0.01],0.11648846666131817,-0.03944002534618397
WebframeHaveWorkedWith_Strapi,1202,-0.03192319527685299,[-0.09  0.02],0.268768324947336,921,-0.034644714526148306,[-0.1   0.03],0.2935872887396651,3102,-0.05250717477228948,[-0.09 -0.02],0.0034417083312887316,-0.039691694858430264
MiscTechHaveWorkedWith_Cordova,1202,-0.07419192190923667,[-0.13 -0.02],0.010079353751011473,921,-0.022542736945494465,[-0.09  0.04],0.49442720808377527,3102,-0.030822342408383583,[-0.07  0.  ],0.08609164072008194,-0.04251900042103823
LanguageWantToWorkWith_Dart,1202,-0.04435440462090618,[-0.1   0.01],0.12431339925498266,921,-0.0641153627758051,[-0.13  0.  ],0.051759218983145006,3102,-0.019976913561052547,[-0.06  0.02],0.26601401212442705,-0.042815560319254604
LanguageWantToWorkWith_TypeScript,1202,-0.07930494957069952,[-0.14 -0.02],0.005941991523959987,921,-0.008455318081504211,[-0.07  0.06],0.7977516743941778,3102,-0.042409467811688854,[-0.08 -0.01],0.018170194929769207,-0.043389911821297526
WebframeWantToWorkWith_Solid.js,1202,-0.0486745139351983,[-0.1   0.01],0.0916450416361043,921,-0.05239598941822279,[-0.12  0.01],0.11205031433459958,3102,-0.030355991308131637,[-0.07  0.  ],0.09095082318040743,-0.04380883155385091
MiscTechHaveWorkedWith_Xamarin,1202,-0.048921843782430016,[-0.11  0.01],0.09000628974950453,921,-0.06501146010126621,[-0.13 -0.  ],0.04856692727709928,3102,-0.019744520633585252,[-0.05  0.02],0.27161678672436673,-0.04455927483909383
MiscTechWantToWorkWith_Tauri,1202,-0.0022705243693320267,[-0.06  0.05],0.9373213661988253,921,-0.0820226193593567,[-0.15 -0.02],0.012772975498683689,3102,-0.05288993843209956,[-0.09 -0.02],0.003212759624331616,-0.04572769405359609
ToolsTechWantToWorkWith_Unreal Engine,1202,-0.003860615733374833,[-0.06  0.05],0.893633248349597,921,-0.03979200988814922,[-0.1   0.02],0.2276459479318756,3102,-0.09397402912038545,[-0.13 -0.06],1.5761247922584345e-07,-0.0458755515806365
LanguageWantToWorkWith_C++,1202,-0.02049277421302583,[-0.08  0.04],0.4778175133751126,921,-0.07333562729549119,[-0.14 -0.01],0.026043460558853922,3102,-0.044327797717875955,[-0.08 -0.01],0.013546019983224631,-0.046052066408797665
EmbeddedWantToWorkWith_Rasberry Pi,1202,-0.03736137786784575,[-0.09  0.02],0.19552093287294667,921,-0.05286576245392281,[-0.12  0.01],0.10886587687163976,3102,-0.048478108552432286,[-0.08 -0.01],0.006923180741046139,-0.04623508295806694
WebframeWantToWorkWith_Astro,1202,-0.05290200633368851,[-0.11  0.  ],0.06673100446438426,921,-0.03323216118924826,[-0.1   0.03],0.3137245137412394,3102,-0.052892964485821245,[-0.09 -0.02],0.003211006223475553,-0.046342377336252676
LanguageWantToWorkWith_Lua,1202,-0.04808276152174314,[-0.1   0.01],0.09566312558500219,921,-0.062436123075170935,[-0.13  0.  ],0.058213697969552024,3102,-0.0330366945374026,[-0.07  0.  ],0.06580360752286997,-0.0478518597114389
ToolsTechHaveWorkedWith_Pacman,1202,-0.06044887075791128,[-0.12 -0.  ],0.03612740816269139,921,-0.05348901071702194,[-0.12  0.01],0.10475188309388866,3102,-0.029726791871359053,[-0.06  0.01],0.09785351047513424,-0.04788822444876409
WebframeHaveWorkedWith_Node.js,1202,-0.08695972486539372,[-0.14 -0.03],0.0025489993697577116,921,-0.020139853090864596,[-0.08  0.04],0.5415731912754007,3102,-0.039085121804968724,[-0.07 -0.  ],0.029493721031778053,-0.04872823325374235
ToolsTechWantToWorkWith_Visual Studio Solution,1202,-0.012057798137744373,[-0.07  0.04],0.6762231064073254,921,-0.0683378232940147,[-0.13 -0.  ],0.03812364283718552,3102,-0.06740708566071454,[-0.1  -0.03],0.00017193601723652617,-0.04926756903082454
WebframeHaveWorkedWith_Angular,1202,-0.05092848705125748,[-0.11  0.01],0.07756503416130964,921,-0.008288264330922192,[-0.07  0.06],0.8016634956227415,3102,-0.08957742675964743,[-0.12 -0.05],5.819707728246554e-07,-0.04959805938060904
EmbeddedHaveWorkedWith_Rasberry Pi,1202,-0.062224967750232334,[-0.12 -0.01],0.03099181997529276,921,-0.05868381722228983,[-0.12  0.01],0.07506761513661697,3102,-0.02926390207148641,[-0.06  0.01],0.10319395453700296,-0.050057562348002856
ToolsTechWantToWorkWith_Unity 3D,1202,-0.04718317671210406,[-0.1   0.01],0.10203995698464557,921,-0.04594141101163015,[-0.11  0.02],0.16359825348539112,3102,-0.057865203841515986,[-0.09 -0.02],0.0012630745227309255,-0.05032993052175006
LanguageHaveWorkedWith_GDScript,1202,-0.04635053365604892,[-0.1   0.01],0.10823911732857051,921,-0.05037975752459489,[-0.11  0.01],0.12655777306962612,3102,-0.06115645647655256,[-0.1  -0.03],0.0006544979043333919,-0.052628915885732125
ToolsTechHaveWorkedWith_Visual Studio Solution,1202,0.0010512038286877759,[-0.06  0.06],0.9709576786015127,921,-0.057566222629415395,[-0.12  0.01],0.08079458097364242,3102,-0.10441443707207904,[-0.14 -0.07],5.575389335420217e-09,-0.05364315195760222
ToolsTechHaveWorkedWith_Godot,1202,-0.060228530357811345,[-0.12 -0.  ],0.03681241338981119,921,-0.06380943287515672,[-0.13  0.  ],0.052888445385161055,3102,-0.03808066927266117,[-0.07 -0.  ],0.03393525445966166,-0.054039544168543084
LanguageWantToWorkWith_C,1202,-0.02810625692420805,[-0.08  0.03],0.33024583833426324,921,-0.08023330557511932,[-0.14 -0.02],0.01486960195192937,3102,-0.056608180112804704,[-0.09 -0.02],0.0016100210214414665,-0.054982580870710694
WebframeWantToWorkWith_Svelte,1202,-0.04577766012404297,[-0.1   0.01],0.11267445901358272,921,-0.08040920640464252,[-0.14 -0.02],0.01465085661654031,3102,-0.04046829465886228,[-0.08 -0.01],0.024201147405680582,-0.05555172039584926
ToolsTechHaveWorkedWith_Unity 3D,1202,-0.06590899489271665,[-0.12 -0.01],0.022303215649067707,921,-0.05640054379814206,[-0.12  0.01],0.08714020832584204,3102,-0.045920343379920334,[-0.08 -0.01],0.010531253644534307,-0.05607662735692635
ToolsTechWantToWorkWith_Chocolatey,1202,-0.04690703302473548,[-0.1   0.01],0.10406382380868459,921,-0.06135027609975924,[-0.13  0.  ],0.06273262173106202,3102,-0.06703116150915701,[-0.1  -0.03],0.00018694209449513847,-0.05842949021121724
ToolsTechHaveWorkedWith_npm,1202,-0.06587259213219457,[-0.12 -0.01],0.02237746324579748,921,-0.05032932176337626,[-0.11  0.01],0.12693856024223185,3102,-0.06092159325696259,[-0.1  -0.03],0.000686660416186316,-0.05904116905084447
ToolsTechWantToWorkWith_Vite,1202,-0.08071504693874741,[-0.14 -0.02],0.005109654150969926,921,-0.05500166113064748,[-0.12  0.01],0.09527892654497572,3102,-0.0418930187677031,[-0.08 -0.01],0.019630266111047824,-0.05920324227903267
WebframeWantToWorkWith_Angular,1202,-0.06528481190233956,[-0.12 -0.01],0.023606357081856683,921,-0.02085846562806237,[-0.09  0.04],0.5272421879578396,3102,-0.09316281104297465,[-0.13 -0.06],2.0147100572347364e-07,-0.059768696191125535
WebframeWantToWorkWith_Node.js,1202,-0.07130898445689798,[-0.13 -0.01],0.01340405422087148,921,-0.040281432608754185,[-0.1   0.02],0.22197408259174958,3102,-0.06838549658832326,[-0.1  -0.03],0.00013801493472084944,-0.05999197121799182
MiscTechWantToWorkWith_.NET MAUI,1202,-0.03242733232755347,[-0.09  0.02],0.2612773411969219,921,-0.08344387747277554,[-0.15 -0.02],0.011298343988613166,3102,-0.06504931687194462,[-0.1  -0.03],0.0002885809202714043,-0.06030684222409121
LanguageHaveWorkedWith_VBA,1202,-0.01535212019625432,[-0.07  0.04],0.5949105199068911,921,-0.07240663503563931,[-0.14 -0.01],0.027999337481883258,3102,-0.09319394499247294,[-0.13 -0.06],1.9958907528508536e-07,-0.06031756674145552
ToolsTechWantToWorkWith_Godot,1202,-0.08397464819245914,[-0.14 -0.03],0.0035739215123088523,921,-0.025852845605357062,[-0.09  0.04],0.4332471806193332,3102,-0.07207042069072804,[-0.11 -0.04],5.8790722801502866e-05,-0.060632638162848085
WebframeWantToWorkWith_Nuxt.js,1202,-0.0912502364721725,[-0.15 -0.03],0.0015404602227690471,921,-0.017434775096470578,[-0.08  0.05],0.5971996475772098,3102,-0.07391342190910373,[-0.11 -0.04],3.778371531717239e-05,-0.060866144492582264
MiscTechHaveWorkedWith_Capacitor,1202,-0.1058078027197149,[-0.16 -0.05],0.00023799289683746111,921,-0.04234764102407073,[-0.11  0.02],0.19914331825090245,3102,-0.03448808508946809,[-0.07  0.  ],0.054778144663063334,-0.06088117627775125
MiscTechHaveWorkedWith_Tauri,1202,-0.0911426711534131,[-0.15 -0.03],0.001560436620002418,921,-0.09284630568904632,[-0.16 -0.03],0.004802894702724108,3102,-0.0013770993406131272,[-0.04  0.03],0.9388880600037368,-0.061788692061024185
MiscTechHaveWorkedWith_Ionic,1202,-0.06298767632283232,[-0.12 -0.01],0.028986421317000424,921,-0.07427635629808865,[-0.14 -0.01],0.0241841788889065,3102,-0.0482212542207286,[-0.08 -0.01],0.007227155807914301,-0.061828428947216525
WebframeWantToWorkWith_Blazor,1202,-0.03196640142837161,[-0.09  0.02],0.26812061180315705,921,-0.07029409999164467,[-0.13 -0.01],0.03292259933076489,3102,-0.08434743535579317,[-0.12 -0.05],2.5477276531612255e-06,-0.06220264559193648
WebframeWantToWorkWith_Symfony,1202,-0.07608643148948062,[-0.13 -0.02],0.008315383614769913,921,-0.06119420505705671,[-0.13  0.  ],0.0634053309364538,3102,-0.049478399536344767,[-0.08 -0.01],0.005845814879016291,-0.06225301202762736
WebframeWantToWorkWith_AngularJS,1202,-0.04955880785468813,[-0.11  0.01],0.08589420276035487,921,-0.06832385826516003,[-0.13 -0.  ],0.03816314433094821,3102,-0.07325325344806785,[-0.11 -0.04],4.431914330672295e-05,-0.06371197318930534
MiscTechHaveWorkedWith_.NET MAUI,1202,-0.043491368599344424,[-0.1   0.01],0.13181465053191607,921,-0.09921988151679076,[-0.16 -0.03],0.0025742442419226376,3102,-0.05079352437409792,[-0.09 -0.02],0.00465971690619338,-0.06450159149674436
ToolsTechHaveWorkedWith_Vite,1202,-0.08922256577099778,[-0.15 -0.03],0.001959563370621052,921,-0.07572532876970108,[-0.14 -0.01],0.02154525959386718,3102,-0.02993341230002254,[-0.07  0.01],0.09554205702596075,-0.0649604356135738
WebframeWantToWorkWith_WordPress,1202,-0.03693070453949519,[-0.09  0.02],0.20072557746554553,921,-0.05521132303527417,[-0.12  0.01],0.09402175213854806,3102,-0.10576209018460353,[-0.14 -0.07],3.5334132538369574e-09,-0.0659680392531243
WebframeHaveWorkedWith_Blazor,1202,-0.04748887378397182,[-0.1   0.01],0.09983611729380971,921,-0.06644543702308336,[-0.13 -0.  ],0.04380263257627318,3102,-0.08505136294767106,[-0.12 -0.05],2.098758627705785e-06,-0.06632855791824209
LanguageWantToWorkWith_PowerShell,1202,-0.07382219863545665,[-0.13 -0.02],0.010460073901719255,921,-0.049578197347331876,[-0.11  0.02],0.13271543478437695,3102,-0.0779150257232958,[-0.11 -0.04],1.3966924470463872e-05,-0.06710514056869478
WebframeWantToWorkWith_Next.js,1202,-0.07407170887697186,[-0.13 -0.02],0.010201767870010757,921,-0.058073959910619546,[-0.12  0.01],0.07815029575857649,3102,-0.0702198674721981,[-0.11 -0.04],9.070683159938339e-05,-0.06745517875326316
ToolsTechWantToWorkWith_NuGet,1202,-0.04716992634248139,[-0.1   0.01],0.10213634943284954,921,-0.0688759060464349,[-0.13 -0.  ],0.03662783829737127,3102,-0.10120477980845173,[-0.14 -0.07],1.6147993112302703e-08,-0.072416870732456
LanguageWantToWorkWith_GDScript,1202,-0.06439140135240343,[-0.12 -0.01],0.0255861643991864,921,-0.06118096832338815,[-0.13  0.  ],0.06346265763225739,3102,-0.09560254907951507,[-0.13 -0.06],9.569314934084703e-08,-0.07372497291843555
WebframeHaveWorkedWith_Symfony,1202,-0.11531471940054577,[-0.17 -0.06],6.145292521248312e-05,921,-0.07970888376948869,[-0.14 -0.02],0.015538901115007995,3102,-0.03352231059854116,[-0.07  0.  ],0.06192709283222713,-0.07618197125619187
MiscTechWantToWorkWith_Xamarin,1202,-0.05958992175859427,[-0.12 -0.  ],0.03886047816609137,921,-0.09706712657855009,[-0.16 -0.03],0.0031905531786579166,3102,-0.07308558646803924,[-0.11 -0.04],4.614214468370591e-05,-0.07658087826839453
WebframeHaveWorkedWith_Vue.js,1202,-0.12585076972881729,[-0.18 -0.07],1.2082162532964825e-05,921,-0.04986157196496002,[-0.11  0.01],0.13051258455826759,3102,-0.057268101116711205,[-0.09 -0.02],0.0014182317915262168,-0.07766014760349617
WebframeWantToWorkWith_jQuery,1202,-0.07300298152960596,[-0.13 -0.02],0.011349508742710335,921,-0.060313262771578356,[-0.12  0.  ],0.06731489467182103,3102,-0.1106567010802,[-0.15 -0.08],6.426699494348506e-10,-0.08132431512712811
WebframeWantToWorkWith_ASP.NET CORE,1202,-0.0905762484949734,[-0.15 -0.03],0.0016696157373257022,921,-0.0850654434042767,[-0.15 -0.02],0.009801882703904587,3102,-0.08354744509258646,[-0.12 -0.05],3.169820722545881e-06,-0.08639637899727885
WebframeWantToWorkWith_Vue.js,1202,-0.09208567391274317,[-0.15 -0.04],0.0013931349876586678,921,-0.07111281010839615,[-0.14 -0.01],0.030933131249008376,3102,-0.09908890185715244,[-0.13 -0.06],3.1985523776931206e-08,-0.08742912862609725
ToolsTechWantToWorkWith_npm,1202,-0.08157380565472697,[-0.14 -0.03],0.004655845749102123,921,-0.08836812944181982,[-0.15 -0.02],0.007287702407630004,3102,-0.09429503759623845,[-0.13 -0.06],1.4294049026474048e-07,-0.08807899089759508
LanguageWantToWorkWith_Visual Basic (.Net),1202,-0.09428965546996851,[-0.15 -0.04],0.0010644900203281564,921,-0.07612639023545215,[-0.14 -0.01],0.020860586438845037,3102,-0.09468800280189797,[-0.13 -0.06],1.2677085159740075e-07,-0.08836801616910621
LanguageHaveWorkedWith_PowerShell,1202,-0.0684598800229894,[-0.12 -0.01],0.017605551663032053,921,-0.07578218947980213,[-0.14 -0.01],0.021447016655592576,3102,-0.13578529199446313,[-0.17 -0.1 ],3.082823569397157e-14,-0.09334245383241822
WebframeHaveWorkedWith_WordPress,1202,-0.0522796168662818,[-0.11  0.  ],0.0700045997314805,921,-0.14593299829746187,[-0.21 -0.08],8.724720703022512e-06,3102,-0.08572081889251895,[-0.12 -0.05],1.7429481071910165e-06,-0.0946444780187542
ToolsTechHaveWorkedWith_NuGet,1202,-0.0634484719032454,[-0.12 -0.01],0.027829730106406967,921,-0.08519858709058191,[-0.15 -0.02],0.009687224906987717,3102,-0.13857116562917224,[-0.17 -0.1 ],9.03713668328106e-15,-0.09573940820766652
LanguageWantToWorkWith_SQL,1202,-0.08068924616940004,[-0.14 -0.02],0.005123886178722326,921,-0.1188717228795808,[-0.18 -0.05],0.0002998334881067393,3102,-0.09152746640110754,[-0.13 -0.06],3.28452302220294e-07,-0.0970294784833628
WebframeHaveWorkedWith_ASP.NET CORE,1202,-0.08414457463351693,[-0.14 -0.03],0.0035067770872446663,921,-0.07650802687217359,[-0.14 -0.01],0.02022673354916902,3102,-0.1328116177141814,[-0.17 -0.1 ],1.1111900172959089e-13,-0.09782140640662397
WebframeWantToWorkWith_Laravel,1202,-0.12679143408845603,[-0.18 -0.07],1.0381337633185707e-05,921,-0.09461407823730637,[-0.16 -0.03],0.004054425099978376,3102,-0.09457383749245252,[-0.13 -0.06],1.3127663135133138e-07,-0.10532644993940497
MiscTechWantToWorkWith_.NET Framework (1.0 - 4.8),1202,-0.10577081962072671,[-0.16 -0.05],0.00023919981638337922,921,-0.09238469204901348,[-0.16 -0.03],0.005017877233472327,3102,-0.11895727026715353,[-0.15 -0.08],3.0047561101232984e-11,-0.10570426064563125
MiscTechWantToWorkWith_.NET (5+) ,1202,-0.11427697388587743,[-0.17 -0.06],7.161347891195688e-05,921,-0.10647836719990138,[-0.17 -0.04],0.0012112432765939904,3102,-0.10513554579954688,[-0.14 -0.07],4.371112405721516e-09,-0.1086302956284419
ToolsTechWantToWorkWith_Composer,1202,-0.09313183968626586,[-0.15 -0.04],0.0012269615982287434,921,-0.12394331114645227,[-0.19 -0.06],0.00016267954343629346,3102,-0.10975950013714021,[-0.14 -0.07],8.833142763346577e-10,-0.10894488365661943
LanguageHaveWorkedWith_SQL,1202,-0.08994503122943504,[-0.15 -0.03],0.0017995248991262173,921,-0.11649218579020933,[-0.18 -0.05],0.00039624957842891023,3102,-0.12162296284324235,[-0.16 -0.09],1.0728271958976327e-11,-0.1093533932876289
LanguageHaveWorkedWith_Visual Basic (.Net),1202,-0.04045569327209591,[-0.1   0.02],0.1610023903335335,921,-0.1542009715824565,[-0.22 -0.09],2.582829429373495e-06,3102,-0.1335236708454873,[-0.17 -0.1 ],8.195556314085959e-14,-0.10939344523334656
WebframeHaveWorkedWith_Laravel,1202,-0.13572119361388046,[-0.19 -0.08],2.3306947813856245e-06,921,-0.11909458432654138,[-0.18 -0.05],0.0002920283025136612,3102,-0.07506766980256709,[-0.11 -0.04],2.8496555657899192e-05,-0.10996114924766298
ToolsTechHaveWorkedWith_Composer,1202,-0.09857523936008757,[-0.15 -0.04],0.00062077030871998,921,-0.13969032902954254,[-0.2  -0.08],2.09574558667487e-05,3102,-0.09989006546479336,[-0.13 -0.06],2.4732624386849522e-08,-0.11271854461814117
MiscTechHaveWorkedWith_.NET (5+) ,1202,-0.0939255766334264,[-0.15 -0.04],0.001113300923345542,921,-0.1202537071141937,[-0.18 -0.06],0.000254407013109997,3102,-0.13448527234253255,[-0.17 -0.1 ],5.4188661075380035e-14,-0.11622151869671755
LanguageWantToWorkWith_JavaScript,1202,-0.12931190567582276,[-0.18 -0.07],6.877085147712017e-06,921,-0.12452153825522523,[-0.19 -0.06],0.00015149878128724483,3102,-0.10329529883767977,[-0.14 -0.07],8.1076509767212e-09,-0.11904291425624258
WebframeHaveWorkedWith_ASP.NET,1202,-0.07513414818290842,[-0.13 -0.02],0.009164257072775779,921,-0.11183828585102644,[-0.18 -0.05],0.0006735408334360643,3102,-0.18375984196788256,[-0.22 -0.15],5.8139955492846695e-25,-0.12357742533393913
WebframeWantToWorkWith_ASP.NET,1202,-0.11777879580106972,[-0.17 -0.06],4.2512682757822544e-05,921,-0.13230579624668548,[-0.2  -0.07],5.637822511061144e-05,3102,-0.12925425590795403,[-0.16 -0.09],4.962459261884578e-13,-0.12644628265190308
MiscTechHaveWorkedWith_.NET Framework (1.0 - 4.8),1202,-0.0784466915004173,[-0.13 -0.02],0.006506484108639932,921,-0.13005415560763392,[-0.19 -0.07],7.547126974203335e-05,3102,-0.17086840476932807,[-0.2  -0.14],9.395739473188302e-22,-0.12645641729245977
LanguageWantToWorkWith_C#,1202,-0.14668086324939725,[-0.2  -0.09],3.25990393607561e-07,921,-0.13671621470435796,[-0.2  -0.07],3.1410943299417506e-05,3102,-0.15006298922977693,[-0.18 -0.12],4.385748791620956e-17,-0.14448668906117737
LanguageHaveWorkedWith_JavaScript,1202,-0.1964244475080252,[-0.25 -0.14],6.4221561897982365e-12,921,-0.11679296672891437,[-0.18 -0.05],0.000382636105307861,3102,-0.13760772263091212,[-0.17 -0.1 ],1.3853618007175956e-14,-0.15027504562261723
LanguageWantToWorkWith_PHP,1202,-0.16888946818516798,[-0.22 -0.11],3.823471306807634e-09,921,-0.1431566446368032,[-0.21 -0.08],1.2941252942832578e-05,3102,-0.14012845053567383,[-0.17 -0.11],4.501748407867967e-15,-0.15072485445254835
WebframeHaveWorkedWith_jQuery,1202,-0.15336092841566595,[-0.21 -0.1 ],9.136572933190008e-08,921,-0.1514050274829838,[-0.21 -0.09],3.926646679074328e-06,3102,-0.14842754504219938,[-0.18 -0.11],9.611066760529041e-17,-0.15106450031361637
LanguageWantToWorkWith_HTML/CSS,1202,-0.17778088104784515,[-0.23 -0.12],5.409725491536917e-10,921,-0.1363090003045813,[-0.2  -0.07],3.3179106487651544e-05,3102,-0.14023431693083774,[-0.17 -0.11],4.292227927317645e-15,-0.15144139942775472
LanguageHaveWorkedWith_C#,1202,-0.12344118759929028,[-0.18 -0.07],1.7734187480036107e-05,921,-0.17862714903122986,[-0.24 -0.12],4.827162752506035e-08,3102,-0.18155507479472535,[-0.22 -0.15],2.1405121912536363e-24,-0.16120780380841515
LanguageHaveWorkedWith_PHP,1202,-0.1761092598272814,[-0.23 -0.12],7.874366657203669e-10,921,-0.1676464501506418,[-0.23 -0.1 ],3.1030405611000715e-07,3102,-0.14916200021384984,[-0.18 -0.11],6.764346853073959e-17,-0.1643059033972577
LanguageHaveWorkedWith_HTML/CSS,1202,-0.207864066469123,[-0.26 -0.15],3.3688556554575546e-13,921,-0.17804879206331817,[-0.24 -0.11],5.339928682280817e-08,3102,-0.2056286742852994,[-0.24 -0.17],5.72233323445607e-31,-0.19718051093924685
